Name,Griffin,Bantam,Bantam II,Condor II,Condor Interceptor,Condor II Interceptor,Merlin Assault,Manticore,Manticore II,Heron Covert Ops,Vigil,Burst,Burst II,Slasher II,Slasher Interceptor,Slasher II Interceptor,Breacher Assault,Hound,Hound II,Probe Covert Ops,Crucifier,Inquisitor,Inquisitor II,Executioner II,Executioner Interceptor,Executioner II Interceptor,Punisher Assault,Purifier,Purifier II,Magnate Covert Ops,Maulus,Navitas,Navitas II,Atron II,Atron Interceptor,Atron II Interceptor,Incursus Assault,Nemesis,Nemesis II,Imicus Covert Ops,Worm,Dramiel,Cruor,Astero,Garmur,Succubus,Daredevil,Cormorant Guardian,Corax,Cormorant II,Cormorant Navy Issue,Corax Assault,Corax Sniper,Cormorant Covert Ops,Thrasher Guardian,Talwar,Thrasher II,Thrasher Fleet Issue,Talwar Assault,Talwar Sniper,Thrasher Covert Ops,Coercer Guardian,Dragoon,Coercer II,Coercer Navy Issue,Dragoon Assault,Dragoon Sniper,Coercer Covert Ops,Catalyst Guardian,Algos,Catalyst II,Catalyst Navy Issue,Algos Assault,Algos Sniper,Catalyst Covert Ops,Moa Guardian,Moa II Guardian,Blackbird,Osprey,Caracal,Moa,Caracal Navy Issue,Caracal Sniper,Blackbird Covert Ops,Blackbird II Covert Ops,Rupture Guardian,Rupture II Guardian,Bellicose,Scythe,Stabber,Stabber Fleet Issue,Rupture,Stabber Sniper,Bellicose Covert Ops,Bellicose II Covert Ops,Maller Guardian,Maller II Guardian,Arbitrator,Augoror,Omen,Maller,Omen Navy Issue,Omen Sniper,Arbitrator Covert Ops,Arbitrator II Covert Ops,Thorax Guardian,Thorax II Guardian,Celestis,Exequror,Vexor,Vexor Navy Issue,Thorax,Vexor Sniper,Celestis Covert Ops,Celestis II Covert Ops,Thorax Prototype,Gila,Cynabal,Ashimmu,Stratios,Orthrus,Phantasm,Vigilant,Ferox Guardian,Ferox II Guardian,Naga,Naga II,Drake Logistics,Ferox,Drake,Cyclone Guardian,Cyclone II Guardian,Tornado,Tornado II,Hurricane Logistics,Cyclone,Hurricane,Hurricane Prototype,Prophecy Guardian,Prophecy II Guardian,Oracle,Oracle II,Harbinger Logistics,Prophecy,Harbinger,Harbinger Prototype,Myrmidon Guardian,Myrmidon II Guardian,Talos,Talos II,Brutix Logistics,Myrmidon,Brutix,Scorpion,Raven Striker,Rokh,Raven,Maelstrom Striker,Maelstrom,Typhoon,Tempest,Armageddon,Apocalypse Striker,Apocalypse,Abaddon,Megathron Striker,Dominix,Megathron,Hyperion,Rattlesnake,Machariel,Bhaalgorn,Nestor,Barghest,Nightmare,Vindicator,Tayra,Badger,Badger II,Wreathe,Mammoth,Wreathe II,Bestower,Sigil,Sigil II,Kryos,Nereus,Nereus II,Nereus High Mobility,Nereus Combat,Nereus Hauling,Imicus High Mobility,Humpback High Mobility,Humpback Hauling,Humpback Combat,Retriever,Procurer,Covetor,Venture,Venture II,Venture III,MK5 Cloaking Device,MK7 Cloaking Device,MK9 Cloaking Device,MK5 Covert Ops Cloaking Device,MK7 Covert Ops Cloaking Device,MK9 Covert Ops Cloaking Device,MK5 Small Shield Field Module,MK7 Small Shield Field Module,MK9 Small Shield Field Module,MK5 Medium Shield Field Module,MK7 Medium Shield Field Module,MK9 Medium Shield Field Module,MK7 Large Shield Field Module,MK9 Large Shield Field Module,MK5 Small Armor Link Module,MK7 Small Armor Link Module,MK9 Small Armor Link Module,MK5 Medium Armor Link Module,MK7 Medium Armor Link Module,MK9 Medium Armor Link Module,MK7 Large Armor Link Module,MK9 Large Armor Link Module,MK5 Small Group Shield Booster,MK7 Small Group Shield Booster,MK9 Small Group Shield Booster,MK5 Medium Group Shield Booster,MK7 Medium Group Shield Booster,MK9 Medium Group Shield Booster,MK7 Large Group Shield Booster,MK9 Large Group Shield Booster,MK5 Small Group Armor Repairer,MK7 Small Group Armor Repairer,MK9 Small Group Armor Repairer,MK5 Medium Group Armor Repairer,MK7 Medium Group Armor Repairer,MK9 Medium Group Armor Repairer,MK7 Large Group Armor Repairer,MK9 Large Group Armor Repairer,MK5 Small Group Capacitor Transmitter,MK7 Small Group Capacitor Transmitter,MK9 Small Group Capacitor Transmitter,MK5 Medium Group Capacitor Transmitter,MK7 Medium Group Capacitor Transmitter,MK9 Medium Group Capacitor Transmitter,MK7 Large Group Capacitor Transmitter,MK9 Large Group Capacitor Transmitter,Railgun Collision Accelerator I,Railgun Collision Accelerator II,Railgun Collision Accelerator III,Railgun Ambit Extension I,Railgun Ambit Extension II,Railgun Ambit Extension III,Railgun Discharge Elutriation I,Railgun Discharge Elutriation II,Railgun Discharge Elutriation III,Railgun Burst Aerator I,Railgun Burst Aerator II,Railgun Burst Aerator III,Algid Railgun Administrations Unit I,Algid Railgun Administrations Unit II,Algid Railgun Administrations Unit III,Laser Collision Accelerator I,Laser Collision Accelerator II,Laser Collision Accelerator III,Laser Ambit Extension I,Laser Ambit Extension II,Laser Ambit Extension III,Laser Discharge Elutriation I,Laser Discharge Elutriation II,Laser Discharge Elutriation III,Laser Burst Aerator I,Laser Burst Aerator II,Laser Burst Aerator III,Algid Energy Administrations Unit I,Algid Energy Administrations Unit II,Algid Energy Administrations Unit III,Cannon Collision Accelerator I,Cannon Collision Accelerator II,Cannon Collision Accelerator III,Cannon Ambit Extension I,Cannon Ambit Extension II,Cannon Ambit Extension III,Cannon Burst Aerator I,Cannon Burst Aerator II,Cannon Burst Aerator III,Cannon Metastasis Adjuster I,Cannon Metastasis Adjuster II,Cannon Metastasis Adjuster III,Decomposer Collision Accelerator I,Decomposer Collision Accelerator II,Decomposer Collision Accelerator III,Decomposer Ambit Extension I,Decomposer Ambit Extension II,Decomposer Ambit Extension III,Decomposer Discharge Elutriation I,Decomposer Discharge Elutriation II,Decomposer Discharge Elutriation III,Decomposer Burst Aerator I,Decomposer Burst Aerator II,Decomposer Burst Aerator III,Decomposer Algid Hybrid Administrations Unit I,Decomposer Algid Hybrid Administrations Unit II,Decomposer Algid Hybrid Administrations Unit III,Warhead Flare Catalyst I,Warhead Flare Catalyst II,Warhead Flare Catalyst III,Warhead Calefaction Catalyst I,Warhead Calefaction Catalyst II,Warhead Calefaction Catalyst III,Warhead Rigor Catalyst I,Warhead Rigor Catalyst II,Warhead Rigor Catalyst III,Rocket Fuel Cache Partition I,Rocket Fuel Cache Partition II,Rocket Fuel Cache Partition III,Hydraulic Bay Thrusters I,Hydraulic Bay Thrusters II,Hydraulic Bay Thrusters III,Bay Loading Accelerator I,Bay Loading Accelerator II,Bay Loading Accelerator III,Core Defense Operational Solidifier I,Core Defense Operational Solidifier II,Core Defense Operational Solidifier III,Core Defense Charge Economizer I,Core Defense Charge Economizer II,Core Defense Charge Economizer III,Core Defense Capacitor Safeguard I,Core Defense Capacitor Safeguard II,Core Defense Capacitor Safeguard III,Core Defense Field Extender I,Core Defense Field Extender II,Core Defense Field Extender III,Anti-Explosive Screen Reinforcer I,Anti-Explosive Screen Reinforcer II,Anti-Explosive Screen Reinforcer III,Anti-EM Screen Reinforcer I,Anti-EM Screen Reinforcer II,Anti-EM Screen Reinforcer III,Anti-Kinetic Screen Reinforcer I,Anti-Kinetic Screen Reinforcer II,Anti-Kinetic Screen Reinforcer III,Anti-Thermal Screen Reinforcer I,Anti-Thermal Screen Reinforcer II,Anti-Thermal Screen Reinforcer III,Nanobot Accelerator I,Nanobot Accelerator II,Nanobot Accelerator III,Auxiliary Nano Pump I,Auxiliary Nano Pump II,Auxiliary Nano Pump III,Repair Augmentor I,Repair Augmentor II,Repair Augmentor III,Trimark Armor Pump I,Trimark Armor Pump II,Trimark Armor Pump III,Anti-Explosive Pump I,Anti-Explosive Pump II,Anti-Explosive Pump III,Anti-EM Pump I,Anti-EM Pump II,Anti-EM Pump III,Anti-Kinetic Pump I,Anti-Kinetic Pump II,Anti-Kinetic Pump III,Anti-Thermal Pump I,Anti-Thermal Pump II,Anti-Thermal Pump III,Dynamic Fuel Valve I,Dynamic Fuel Valve II,Dynamic Fuel Valve III,Auxiliary Thrusters I,Auxiliary Thrusters II,Auxiliary Thrusters III,Polycarbon Engine Housing I,Polycarbon Engine Housing II,Polycarbon Engine Housing III,Cargohold Optimization I,Cargohold Optimization II,Cargohold Optimization III,Higgs Anchor I,Higgs Anchor II,Higgs Anchor III,Warp Core Optimizer I,Warp Core Optimizer II,Warp Core Optimizer III,Hyperspatial Velocity Optimizer I,Hyperspatial Velocity Optimizer II,Hyperspatial Velocity Optimizer III,Semiconductor Memory Cell I,Semiconductor Memory Cell II,Semiconductor Memory Cell III,Capacitor Control Circuit I,Capacitor Control Circuit II,Capacitor Control Circuit III,Ancillary Powergrid Router I,Ancillary Powergrid Router II,Ancillary Powergrid Router III,Targeting System Subcontroller I,Targeting System Subcontroller II,Targeting System Subcontroller III,Gravity Capacitor Upgrade I,Gravity Capacitor Upgrade II,Gravity Capacitor Upgrade III,Emission Scope Sharpener I,Emission Scope Sharpener II,Emission Scope Sharpener III,Miner Efficiency Upgrade I,Miner Efficiency Upgrade II,Miner Efficiency Upgrade III,Miner Circulation Accelerator I,Miner Circulation Accelerator II,Miner Circulation Accelerator III,Miner Range Controller I,Miner Range Controller II,Miner Range Controller III,Miner Algid Optimizer I,Miner Algid Optimizer II,Miner Algid Optimizer III,Transverse Bulkhead I,Transverse Bulkhead II,Transverse Bulkhead III,Anti-Explosive Transverse Bulkhead I,Anti-Explosive Transverse Bulkhead II,Anti-Explosive Transverse Bulkhead III,Anti-EM Transverse Bulkhead I,Anti-EM Transverse Bulkhead II,Anti-EM Transverse Bulkhead III,Anti-Kinetic Transverse Bulkhead I,Anti-Kinetic Transverse Bulkhead II,Anti-Kinetic Transverse Bulkhead III,Anti-Thermal Transverse Bulkhead I,Anti-Thermal Transverse Bulkhead II,Anti-Thermal Transverse Bulkhead III,Sentry Damage Augmentor I,Sentry Damage Augmentor II,Sentry Damage Augmentor III,Drone Scope Chip I,Drone Scope Chip II,Drone Scope Chip III,Drone Speed Augmentor I,Drone Speed Augmentor II,Drone Speed Augmentor III,Drone Control Range Augmentor I,Drone Control Range Augmentor II,Drone Control Range Augmentor III,MK3 Acolyte,MK5 Acolyte,MK7 Acolyte,MK9 Acolyte,MK3 Hornet,MK5 Hornet,MK7 Hornet,MK9 Hornet,MK3 Hobgoblin,MK5 Hobgoblin,MK7 Hobgoblin,MK9 Hobgoblin,MK3 Warrior,MK5 Warrior,MK7 Warrior,MK9 Warrior,MK5 Infiltrator,MK7 Infiltrator,MK9 Infiltrator,MK5 Vespa,MK7 Vespa,MK9 Vespa,MK5 Hammerhead,MK7 Hammerhead,MK9 Hammerhead,MK5 Valkyrie,MK7 Valkyrie,MK9 Valkyrie,MK7 Praetor,MK9 Praetor,MK7 Wasp,MK9 Wasp,MK7 Ogre,MK9 Ogre,MK7 Berserker,MK9 Berserker,MK7 Curator,MK9 Curator,MK7 Warden,MK9 Warden,MK7 Guard,MK9 Guard,MK7 Bouncer,MK9 Bouncer,Capsuleer Outpost,Standard Standup Small Missile Launcher,Standard Standup Medium Missile Launcher,Standard Standup Large Missile Launcher,Standard Standup Stasis Webifier,Standard Standup Warp Disruptor,Standard Standup Energy Neutralizer,Industry Service Center,Structure Construction Parts,Structure Hangar Array,Structure Storage Bay,Structure Laboratory,Structure Factory,Structure Repair Facility,Structure Reprocessing Plant,Structure Docking Bay,Structure Market Network,Structure Medical Center,Structure Office Center,Structure Mission Network,Structure Electromagnetic Sensor,Structure Acceleration Coils,Structure Advertisement Nexus
Type,Frigate,Frigate,Frigate,Frigate,Frigate,Frigate,Frigate,Frigate,Frigate,Frigate,Frigate,Frigate,Frigate,Frigate,Frigate,Frigate,Frigate,Frigate,Frigate,Frigate,Frigate,Frigate,Frigate,Frigate,Frigate,Frigate,Frigate,Frigate,Frigate,Frigate,Frigate,Frigate,Frigate,Frigate,Frigate,Frigate,Frigate,Frigate,Frigate,Frigate,Frigate,Frigate,Frigate,Frigate,Frigate,Frigate,Frigate,Destroyer,Destroyer,Destroyer,Destroyer,Destroyer,Destroyer,Destroyer,Destroyer,Destroyer,Destroyer,Destroyer,Destroyer,Destroyer,Destroyer,Destroyer,Destroyer,Destroyer,Destroyer,Destroyer,Destroyer,Destroyer,Destroyer,Destroyer,Destroyer,Destroyer,Destroyer,Destroyer,Destroyer,Cruiser,Cruiser,Cruiser,Cruiser,Cruiser,Cruiser,Cruiser,Cruiser,Cruiser,Cruiser,Cruiser,Cruiser,Cruiser,Cruiser,Cruiser,Cruiser,Cruiser,Cruiser,Cruiser,Cruiser,Cruiser,Cruiser,Cruiser,Cruiser,Cruiser,Cruiser,Cruiser,Cruiser,Cruiser,Cruiser,Cruiser,Cruiser,Cruiser,Cruiser,Cruiser,Cruiser,Cruiser,Cruiser,Cruiser,Cruiser,Cruiser,Cruiser,Cruiser,Cruiser,Cruiser,Cruiser,Cruiser,Cruiser,Battlecruiser,Battlecruiser,Battlecruiser,Battlecruiser,Battlecruiser,Battlecruiser,Battlecruiser,Battlecruiser,Battlecruiser,Battlecruiser,Battlecruiser,Battlecruiser,Battlecruiser,Battlecruiser,Battlecruiser,Battlecruiser,Battlecruiser,Battlecruiser,Battlecruiser,Battlecruiser,Battlecruiser,Battlecruiser,Battlecruiser,Battlecruiser,Battlecruiser,Battlecruiser,Battlecruiser,Battlecruiser,Battlecruiser,Battlecruiser,Battleship,Battleship,Battleship,Battleship,Battleship,Battleship,Battleship,Battleship,Battleship,Battleship,Battleship,Battleship,Battleship,Battleship,Battleship,Battleship,Battleship,Battleship,Battleship,Battleship,Battleship,Battleship,Battleship,Industrial,Industrial,Industrial,Industrial,Industrial,Industrial,Industrial,Industrial,Industrial,Industrial,Industrial,Industrial,Industrial,Industrial,Industrial,Industrial,Industrial,Industrial,Industrial,Industrial,Industrial,Industrial,Industrial,Industrial,Industrial,Module,Module,Module,Module,Module,Module,Module,Module,Module,Module,Module,Module,Module,Module,Module,Module,Module,Module,Module,Module,Module,Module,Module,Module,Module,Module,Module,Module,Module,Module,Module,Module,Module,Module,Module,Module,Module,Module,Module,Module,Module,Module,Module,Module,Module,Module,Rig,Rig,Rig,Rig,Rig,Rig,Rig,Rig,Rig,Rig,Rig,Rig,Rig,Rig,Rig,Rig,Rig,Rig,Rig,Rig,Rig,Rig,Rig,Rig,Rig,Rig,Rig,Rig,Rig,Rig,Rig,Rig,Rig,Rig,Rig,Rig,Rig,Rig,Rig,Rig,Rig,Rig,Rig,Rig,Rig,Rig,Rig,Rig,Rig,Rig,Rig,Rig,Rig,Rig,Rig,Rig,Rig,Rig,Rig,Rig,Rig,Rig,Rig,Rig,Rig,Rig,Rig,Rig,Rig,Rig,Rig,Rig,Rig,Rig,Rig,Rig,Rig,Rig,Rig,Rig,Rig,Rig,Rig,Rig,Rig,Rig,Rig,Rig,Rig,Rig,Rig,Rig,Rig,Rig,Rig,Rig,Rig,Rig,Rig,Rig,Rig,Rig,Rig,Rig,Rig,Rig,Rig,Rig,Rig,Rig,Rig,Rig,Rig,Rig,Rig,Rig,Rig,Rig,Rig,Rig,Rig,Rig,Rig,Rig,Rig,Rig,Rig,Rig,Rig,Rig,Rig,Rig,Rig,Rig,Rig,Rig,Rig,Rig,Rig,Rig,Rig,Rig,Rig,Rig,Rig,Rig,Rig,Rig,Rig,Rig,Rig,Rig,Rig,Rig,Rig,Rig,Rig,Rig,Rig,Rig,Rig,Rig,Rig,Rig,Rig,Rig,Rig,Rig,Rig,Rig,Rig,Rig,Rig,Rig,Rig,Rig,Rig,Rig,Rig,Rig,Rig,Rig,Rig,Rig,Rig,Rig,Rig,Rig,Rig,Rig,Rig,Rig,Rig,Rig,Rig,Rig,Rig,Rig,Rig,Rig,Rig,Drone,Drone,Drone,Drone,Drone,Drone,Drone,Drone,Drone,Drone,Drone,Drone,Drone,Drone,Drone,Drone,Drone,Drone,Drone,Drone,Drone,Drone,Drone,Drone,Drone,Drone,Drone,Drone,Drone,Drone,Drone,Drone,Drone,Drone,Drone,Drone,Drone,Drone,Drone,Drone,Drone,Drone,Drone,Drone,Structure,Structure,Structure,Structure,Structure,Structure,Structure,Structure,Structure,Structure,Structure,Structure,Structure,Structure,Structure,Structure,Structure,Structure,Structure,Structure,Structure,Structure,Structure
Tech Level,4,5,6,4,8,10,7,6,9,5,4,5,6,4,8,10,7,6,9,5,4,5,6,4,8,10,7,6,9,5,4,5,6,4,8,10,7,6,9,5,6,6,6,6,6,6,6,5,4,4,5,7,6,10,5,4,4,5,7,6,10,5,4,4,5,7,6,10,5,4,4,5,7,6,10,7,8,6,7,5,6,6,8,7,9,7,8,6,7,5,6,6,8,7,9,7,8,6,7,5,6,6,8,7,9,7,8,6,7,5,6,6,8,7,9,5,7,7,7,7,7,7,7,9,10,8,9,9,7,8,9,10,8,9,9,7,8,7,9,10,8,9,9,7,8,7,9,10,8,9,9,7,8,9,10,9,10,10,9,9,10,9,10,9,10,10,9,9,10,8,8,8,8,8,8,8,6,8,10,8,6,10,6,8,10,6,8,10,6,7,8,4,9,10,10,7,9,10,4,5,6,5,7,9,5,7,9,5,7,9,5,7,9,7,9,5,7,9,5,7,9,7,9,5,7,9,5,7,9,7,9,5,7,9,5,7,9,7,9,5,7,9,5,7,9,7,9,4,6,8,4,6,8,4,6,8,4,6,8,4,6,8,4,6,8,4,6,8,4,6,8,4,6,8,4,6,8,4,6,8,4,6,8,4,6,8,4,6,8,4,6,8,4,6,8,4,6,8,4,6,8,4,6,8,4,6,8,4,6,8,4,6,8,4,6,8,4,6,8,4,6,8,4,6,8,4,6,8,4,6,8,4,6,8,4,6,8,4,6,8,4,6,8,4,6,8,4,6,8,4,6,8,4,6,8,4,6,8,4,6,8,4,6,8,4,6,8,4,6,8,4,6,8,4,6,8,4,6,8,4,6,8,4,6,8,4,6,8,4,6,8,4,6,8,4,6,8,4,6,8,4,6,8,4,6,8,4,6,8,4,6,8,4,6,8,4,6,8,4,6,8,4,6,8,4,6,8,4,6,8,4,6,8,4,6,8,4,6,8,4,6,8,4,6,8,4,6,8,3,5,7,9,3,5,7,9,3,5,7,9,3,5,7,9,5,7,9,5,7,9,5,7,9,5,7,9,7,9,7,9,7,9,7,9,7,9,7,9,7,9,7,9,6,6,6,6,6,6,6,6,6,6,6,6,6,6,6,6,6,6,6,6,6,6,6
Tritanium,"38,634","162,785","567,139","38,195","1,645,247","6,616,157","1,332,759","584,551","2,788,068","187,931","40,779","162,723","575,596","39,389","1,612,402","6,573,327","1,339,143","550,461","2,737,098","185,970","48,980","204,157","743,214","49,543","2,097,627","7,802,069","1,861,121","708,425","2,933,503","226,274","36,363","163,076","548,634","36,363","1,592,919","7,516,250","1,341,390","563,396","3,290,006","192,244","13,729,037","14,042,281","16,951,751","14,227,048","13,363,336","17,281,100","13,518,575","264,691","59,268","57,073","262,044","2,121,717","830,809","9,702,959","284,424","58,851","61,631","293,996","1,839,631","831,975","9,784,310","348,769","69,811","71,500","347,067","2,704,442","1,122,727","11,591,270","267,815","58,706","55,201","269,141","2,040,671","890,608","11,522,236","4,256,805","5,082,637","1,659,130","4,140,913","553,203","1,674,055","1,703,904","4,832,912","4,189,944","8,163,755","4,017,429","5,136,723","1,741,869","4,233,856","553,805","1,807,220","1,663,950","5,036,884","4,166,223","8,376,792","5,240,219","6,014,880","2,147,413","5,577,547","733,264","2,198,015","2,198,015","6,299,197","5,164,611","9,202,077","4,160,506","4,633,504","1,717,249","4,134,118","530,327","1,643,442","1,763,994","4,778,755","4,090,138","9,817,437","567,903","38,592,133","39,495,308","49,205,578","37,199,509","37,231,077","46,954,447","35,798,400","11,723,249","30,713,127","7,232,230","11,431,686","12,008,737","6,271,544","7,349,748","12,673,398","27,569,050","7,707,580","12,883,454","12,106,883","6,393,619","7,662,653","5,231,335","13,966,465","36,378,955","9,268,728","13,449,189","13,537,670","8,113,324","9,843,680","6,511,343","14,699,865","34,874,861","7,010,777","14,617,240","14,091,440","5,814,153","7,315,804","18,204,443","45,284,160","18,532,451","43,336,930","41,721,162","17,988,459","18,427,668","41,180,593","19,452,319","53,482,984","19,166,455","50,470,044","51,863,460","21,422,594","21,242,319","55,601,487","104,652,545","137,047,617","136,200,701","107,335,501","104,995,523","131,753,654","104,459,671","1,059,655","3,760,564","10,820,403","3,768,927","1,153,705","10,854,638","1,394,712","4,568,024","13,235,888","1,153,854","3,510,231","13,036,205","745,454","1,794,383","2,527,366","14,020","13,460,531","23,031,074","23,607,186","2,616,809","6,114,303","15,568,417","17,524","84,853","250,945","67,903","110,900","188,186","262,176","472,498","605,589","46,849","106,610","134,838","99,001","175,520","273,724","474,423","653,619","45,510","76,701","133,469","105,958","189,021","227,191","446,652","584,644","42,038","60,272","110,071","81,425","172,649","199,704","408,695","626,332","42,463","71,160","104,965","94,572","179,649","268,919","440,420","471,111","46,921","81,270","107,234","73,368","179,649","280,266","300,456","514,682",0,0,0,0,0,0,0,0,0,0,0,0,0,0,0,0,0,0,0,0,0,0,0,0,0,0,0,0,0,0,0,0,0,0,0,0,0,0,0,0,0,0,0,0,0,0,0,0,0,0,0,0,0,0,0,0,0,0,0,0,0,0,0,0,0,0,0,0,0,0,0,0,0,0,0,0,0,0,0,0,0,0,0,0,0,0,0,0,0,0,0,0,0,0,0,0,0,0,0,0,0,0,0,0,0,0,0,0,0,0,0,0,0,0,0,0,0,0,0,0,0,0,0,0,0,0,0,0,0,0,0,0,0,0,0,0,0,0,0,0,0,0,0,0,0,0,0,0,0,0,0,0,0,0,0,0,0,0,0,0,0,0,0,0,0,0,0,0,0,0,0,0,0,0,0,0,0,0,0,0,0,0,0,0,0,0,0,0,0,0,0,0,0,0,0,0,0,0,0,0,0,"10,796","45,986","93,228","126,232","11,696","37,644","79,307","144,834","15,551","43,544","82,260","134,204","11,953","43,748","69,183","118,259","37,847","83,526","135,533","33,981","84,791","115,602","37,644","87,322","125,568","43,341","86,900","150,814","186,279","314,095","228,799","363,521","201,465","286,990","184,255","309,312","237,905","434,469","269,541","368,701","278,399","348,771","258,152","406,568",0,"1,024,541","906,142","822,381","1,330,697","1,457,986","1,285,962","4,525,089","3,002,023","3,384,698","3,137,279","3,813,559","3,740,982","3,371,503","3,572,737","3,434,182","2,751,305","3,394,595","3,503,460","3,252,741","3,447,378","2,546,771","3,130,681"
Pyerite,"9,642","45,857","160,753","9,533","569,344","1,619,490","339,920","165,689","797,378","52,941","8,243","37,124","132,129","7,962","451,882","2,112,479","276,605","126,359","798,066","42,427","8,096","38,089","139,515","8,189","480,738","1,933,166","314,367","132,985","648,228","42,215","8,757","44,328","150,053","8,757","531,899","1,571,187","330,120","154,091","737,830","52,256","4,116,171","3,409,566","3,365,928","3,454,428","4,006,528","3,431,323","3,910,893","74,565","14,792","14,244","73,819","541,143","235,490","2,375,071","64,889","11,895","12,457","67,072","379,983","190,980","3,144,397","65,068","11,539","11,818","64,751","456,814","210,757","2,872,039","72,798","14,138","13,294","73,159","502,215","243,584","2,408,593","1,085,697","1,758,865","470,273","1,056,139","155,840","474,504","482,964","1,672,447","1,068,644","2,334,804","829,815","1,439,586","399,847","874,519","126,345","414,848","381,960","1,411,606","860,549","2,442,451","885,138","1,378,502","403,109","942,117","136,801","412,608","412,608","1,443,662","872,367","2,033,419","1,023,912","1,547,194","469,672","1,017,418","144,155","449,486","482,457","1,595,695","1,006,595","2,201,698","124,951","11,570,499","9,589,740","9,770,224","9,032,304","11,162,434","9,323,241","10,356,396","3,352,806","7,517,896","2,502,739","3,269,420","3,434,455","1,599,555","2,543,406","3,695,227","8,859,903","2,160,078","3,756,474","3,530,046","1,320,625","2,147,487","1,331,912","3,086,224","9,013,834","2,124,224","2,971,919","2,991,471","1,370,442","2,255,993","1,259,718","3,296,650","7,290,193","2,340,999","3,278,120","3,160,202","1,430,879","2,442,852","5,206,404","11,084,564","5,300,213","10,607,925","13,407,987","5,244,958","5,373,020","13,234,263","4,298,454","13,251,803","4,235,286","12,505,268","10,841,467","4,804,316","4,763,887","11,622,859","25,616,635","28,648,246","33,747,271","34,494,555","25,700,589","32,645,399","33,570,345","300,355","1,301,357","2,648,596","1,056,256","264,834","3,488,370","261,813","1,046,908","3,279,536","315,582","1,172,117","2,725,071","203,884","441,603","843,924","3,377","2,812,441","4,814,385","4,934,814","644,004","1,371,218","3,254,401","4,221","23,065","68,634","15,246","30,393","38,364","59,020","111,627","156,768","14,408","23,624","32,026","28,672","45,358","69,678","120,626","143,329","14,343","23,858","36,008","22,574","39,980","71,005","120,065","175,976","10,089","19,797","24,897","16,862","46,569","46,489","81,889","124,115","9,986","19,891","29,299","19,226","41,856","50,891","91,842","127,416","10,192","17,346","25,722","20,666","37,897","51,716","91,390","112,232",0,0,0,0,0,0,0,0,0,0,0,0,0,0,0,0,0,0,0,0,0,0,0,0,0,0,0,0,0,0,0,0,0,0,0,0,0,0,0,0,0,0,0,0,0,0,0,0,0,0,0,0,0,0,0,0,0,0,0,0,0,0,0,0,0,0,0,0,0,0,0,0,0,0,0,0,0,0,0,0,0,0,0,0,0,0,0,0,0,0,0,0,0,0,0,0,0,0,0,0,0,0,0,0,0,0,0,0,0,0,0,0,0,0,0,0,0,0,0,0,0,0,0,0,0,0,0,0,0,0,0,0,0,0,0,0,0,0,0,0,0,0,0,0,0,0,0,0,0,0,0,0,0,0,0,0,0,0,0,0,0,0,0,0,0,0,0,0,0,0,0,0,0,0,0,0,0,0,0,0,0,0,0,0,0,0,0,0,0,0,0,0,0,0,0,0,0,0,0,0,0,"3,163","8,880","20,352","27,382","2,929","9,570","21,375","32,214","3,241","10,409","22,806","36,562","3,147","10,162","20,045","37,851","9,669","17,897","34,952","11,445","22,909","33,985","11,248","23,727","30,603","9,077","23,829","33,985","53,505","75,374","41,233","74,601","52,033","90,062","48,351","67,643","71,175","107,262","57,369","92,284","65,346","87,936","60,437","84,070",0,"212,201","235,369","205,708","330,588","308,901","349,648","1,130,710","806,108","888,057","954,954","847,083","808,617","888,893","841,229","906,454","806,108","859,626","720,815","924,850","769,315","801,091","719,979"
Mexallon,"3,519","13,226","50,387","3,479","155,976","625,053","112,371","51,934","284,014","15,270","3,321","11,823","45,730","3,208","136,694","582,554","100,967","43,733","249,692","13,512","3,258","12,114","48,222","3,296","145,228","637,386","114,597","45,964","243,299","13,426","3,316","13,265","48,799","3,316","151,189","663,493","113,229","50,112","259,206","15,638","1,350,259","1,234,992","1,217,548","1,251,242","1,314,292","1,241,203","1,331,088","21,506","5,398","5,198","21,291","178,891","73,813","916,674","20,665","4,793","5,020","21,361","138,702","66,098","867,124","20,695","4,644","4,756","20,594","166,523","72,845","946,942","21,785","5,353","5,034","21,893","172,256","79,217","1,017,119","358,909","481,853","147,404","349,138","44,947","148,730","151,382","458,178","353,272","831,623","302,900","435,473","138,387","319,218","40,237","143,579","132,196","427,009","314,118","764,174","322,660","416,435","139,328","343,430","43,509","142,612","142,612","436,119","318,004","763,202","351,193","439,779","152,743","348,966","43,138","146,178","156,901","453,565","345,254","773,474","41,261","3,795,558","3,473,538","3,534,156","3,271,626","3,661,698","3,372,470","3,524,841","1,194,221","2,901,580","685,643","1,164,520","1,223,303","528,781","696,784","1,156,132","2,443,277","653,421","1,175,294","1,104,452","482,056","649,612","527,482","1,158,351","2,971,956","641,712","1,115,449","1,122,788","499,568","681,518","403,757","1,158,139","3,078,559","665,412","1,151,630","1,110,204","490,780","694,363","1,854,445","4,278,158","1,887,858","4,094,196","3,697,492","1,640,999","1,681,066","3,649,584","1,613,337","4,369,259","1,589,628","4,123,118","4,578,218","1,687,794","1,673,591","4,908,190","9,886,902","12,097,801","11,126,830","9,512,489","9,919,305","10,763,531","9,257,622","94,144","356,516","1,022,243","319,516","91,659","961,981","90,492","316,263","1,081,298","102,631","333,166","1,150,764","66,306","151,466","239,880","1,279","1,188,302","2,033,056","2,083,911","220,888","481,720","1,374,294","1,598","6,903","22,321","6,184","8,344","12,905","22,066","43,563","45,378","4,749","8,158","12,539","9,804","16,069","22,236","43,931","51,730","4,328","7,518","10,610","9,715","17,428","23,257","35,682","54,453","2,940","6,834","8,795","8,367","11,669","16,460","30,939","41,987","3,767","6,286","11,006","7,910","11,604","16,931","29,392","43,567","3,221","5,480","9,736","7,066","14,505","17,495","32,950","52,596",0,0,0,0,0,0,0,0,0,0,0,0,0,0,0,0,0,0,0,0,0,0,0,0,0,0,0,0,0,0,0,0,0,0,0,0,0,0,0,0,0,0,0,0,0,0,0,0,0,0,0,0,0,0,0,0,0,0,0,0,0,0,0,0,0,0,0,0,0,0,0,0,0,0,0,0,0,0,0,0,0,0,0,0,0,0,0,0,0,0,0,0,0,0,0,0,0,0,0,0,0,0,0,0,0,0,0,0,0,0,0,0,0,0,0,0,0,0,0,0,0,0,0,0,0,0,0,0,0,0,0,0,0,0,0,0,0,0,0,0,0,0,0,0,0,0,0,0,0,0,0,0,0,0,0,0,0,0,0,0,0,0,0,0,0,0,0,0,0,0,0,0,0,0,0,0,0,0,0,0,0,0,0,0,0,0,0,0,0,0,0,0,0,0,0,0,0,0,0,0,0,"1,135","3,053","6,190","10,684","1,311","3,205","8,113","9,142",927,"2,800","6,574","10,024","1,124","3,020","6,749","11,400","3,155","9,057","11,015","3,104","5,840","10,464","2,952","5,805","12,612","3,779","6,120","9,748","15,693","26,169","18,295","24,054","18,715","22,600","17,540","29,076","23,497","28,581","18,987","33,041","20,980","30,398","21,819","30,068",0,"76,200","73,351","78,306","114,456","93,597","132,053","367,419","330,463","254,448","253,578","310,154","285,783","277,079","293,326","316,537","301,740","278,239","288,684","256,769","254,448","319,148","331,624"
Isogen,0,"1,979","8,615",0,"25,665","120,316","17,468","8,880","45,989","2,284",0,"2,296","10,148",0,"29,193","116,946","20,371","9,705","39,121","2,623",0,"1,884","8,569",0,"24,837","108,460","18,515","8,168","46,639","2,088",0,"1,921","8,077",0,"24,083","90,554","17,040","8,295","47,747","2,265","200,324","237,802","187,742","240,931","194,988","191,389","191,175","3,217",0,0,"3,185","27,809","12,621","176,450","4,012",0,0,"4,147","27,984","14,668","174,072","3,218",0,0,"3,202","26,904","12,945","161,135","3,155",0,0,"3,170","25,922","13,112","138,816","55,792","79,286","25,203","54,273","6,723","25,430","25,883","75,391","54,916","134,660","61,111","93,000","30,709","64,404","7,811","31,861","29,336","91,192","63,375","119,726","52,131","71,218","24,759","55,486","6,764","25,343","25,343","74,585","51,378","146,302","52,850","70,053","25,282","52,514","6,247","24,195","25,970","72,249","51,956","142,477","6,516","614,298","729,645","594,495","687,232","592,633","567,297","552,269","193,373","558,522","112,819","188,563","198,082","82,198","114,652","181,135","490,478","139,544","184,138","173,038","97,257","138,731","70,489","222,049","505,718","109,745","213,825","215,232","80,712","116,552","84,881","213,334","420,160","105,994","212,135","204,504","73,855","110,606","300,278","823,498","305,689","788,087","742,257","257,101","263,378","732,640","309,267","743,488","304,723","701,604","624,833","310,899","308,283","669,867","1,903,118","1,651,102","1,893,378","1,909,594","1,909,355","1,831,558","1,858,430","16,097","58,663","196,771","68,236","20,340","193,114","16,081","54,087","183,998","16,988","53,071","157,056","10,975","22,794","38,211",0,"162,088","277,471","284,411","33,241","88,735","187,563",0,"1,000","3,695","1,074","1,891","2,157","4,314","7,385","11,033",746,"1,429","2,077","1,530","3,110","3,671","5,902","9,821",805,"1,613","1,896","1,522","2,531","4,153","6,750","10,591",682,"1,146","1,938","1,405","2,109","3,310","4,869","9,100",592,"1,180","1,381","1,293","2,246","3,692","5,033","9,819",629,"1,203","1,772","1,262","1,904","3,060","6,073","9,300",0,0,0,0,0,0,0,0,0,0,0,0,0,0,0,0,0,0,0,0,0,0,0,0,0,0,0,0,0,0,0,0,0,0,0,0,0,0,0,0,0,0,0,0,0,0,0,0,0,0,0,0,0,0,0,0,0,0,0,0,0,0,0,0,0,0,0,0,0,0,0,0,0,0,0,0,0,0,0,0,0,0,0,0,0,0,0,0,0,0,0,0,0,0,0,0,0,0,0,0,0,0,0,0,0,0,0,0,0,0,0,0,0,0,0,0,0,0,0,0,0,0,0,0,0,0,0,0,0,0,0,0,0,0,0,0,0,0,0,0,0,0,0,0,0,0,0,0,0,0,0,0,0,0,0,0,0,0,0,0,0,0,0,0,0,0,0,0,0,0,0,0,0,0,0,0,0,0,0,0,0,0,0,0,0,0,0,0,0,0,0,0,0,0,0,0,0,0,0,0,0,204,591,"1,509","2,191",174,537,"1,355","1,841",166,567,"1,002","2,172",190,534,"1,348","1,646",686,"1,082","1,802",624,"1,317","1,909",618,"1,256","2,347",591,"1,052","1,899","3,102","4,744","3,191","4,908","2,567","5,212","2,924","4,067","3,395","6,748","4,099","5,229","3,599","6,748","3,728","6,573",0,"12,413","11,865","11,205","18,229","17,832","17,060","75,690","46,168","56,539","50,145","46,017","45,715","50,548","45,715","54,022","51,152","46,319","50,850","49,440","49,642","56,740","56,186"
Nocxium,0,0,"2,052",0,"7,209","34,805","4,755","2,115","14,281",0,0,0,"2,572",0,"8,724","32,274","5,899","2,459","12,818",0,0,0,"2,368",0,"8,094","29,728","5,848","2,257","10,820",0,0,0,"2,303",0,"8,097","23,507","5,552","2,365","11,660",0,"45,509","57,477","49,487","58,233","44,297","50,448","51,990",0,0,0,0,"7,569","3,006","51,043",0,0,0,0,"8,104","3,717","48,039",0,0,0,0,"8,497","3,577","44,166",0,0,0,0,"8,447","3,738","36,036","15,186","22,269","6,002","14,773",0,"6,056","6,164","21,175","14,948","41,817","17,697","27,790","7,781","18,651",0,"8,073","7,433","27,250","18,353","39,229","16,464","23,209","6,842","17,524",0,"7,003","7,003","24,306","16,226","33,940","17,220","23,553","7,208","17,111",0,"6,898","7,404","24,291","16,929","34,792",0,"153,509","193,990","172,373","182,714","148,095","164,487","165,208","60,049","161,566","31,686","58,555","61,511","22,374","32,201","59,350","135,357","41,698","60,333","56,697","28,165","41,455","20,998","51,512","138,612","35,763","49,605","49,931","25,490","37,982","24,027","52,095","109,070","35,637","51,802","49,939","24,065","37,187","93,247","238,216","94,927","227,973","204,840","84,240","86,297","202,186","71,746","203,782","70,691","192,302","162,200","75,920","75,281","173,891","550,522","428,609","518,954","526,988","552,326","502,010","512,869","3,834","16,476","56,921","20,390","5,154","53,294","4,444","17,626","50,432","4,843","17,843","40,770","3,129","7,427","12,847",0,"42,112","72,029","73,831","10,831","21,669","48,690",0,0,"1,054",229,461,811,"1,110","1,881","3,047",218,428,470,390,800,979,"1,957","3,261",229,375,702,470,875,940,"1,863","2,134",191,323,397,312,550,"1,141","1,540","2,158",176,315,457,272,579,988,"1,639","2,014",170,323,469,385,607,793,"1,708","2,392",0,0,0,0,0,0,0,0,0,0,0,0,0,0,0,0,0,0,0,0,0,0,0,0,0,0,0,0,0,0,0,0,0,0,0,0,0,0,0,0,0,0,0,0,0,0,0,0,0,0,0,0,0,0,0,0,0,0,0,0,0,0,0,0,0,0,0,0,0,0,0,0,0,0,0,0,0,0,0,0,0,0,0,0,0,0,0,0,0,0,0,0,0,0,0,0,0,0,0,0,0,0,0,0,0,0,0,0,0,0,0,0,0,0,0,0,0,0,0,0,0,0,0,0,0,0,0,0,0,0,0,0,0,0,0,0,0,0,0,0,0,0,0,0,0,0,0,0,0,0,0,0,0,0,0,0,0,0,0,0,0,0,0,0,0,0,0,0,0,0,0,0,0,0,0,0,0,0,0,0,0,0,0,0,0,0,0,0,0,0,0,0,0,0,0,0,0,0,0,0,0,0,179,300,606,0,209,283,546,0,183,374,513,0,184,376,551,168,354,600,173,359,557,171,295,459,151,335,587,745,"1,290",840,"1,173",737,"1,147",968,"1,511",915,"1,857","1,148","1,816","1,070","1,889",962,"1,808",0,"4,137","4,163","4,263","4,801","5,573","4,895","15,381","13,938","11,636","15,588","13,244","14,534","13,924","15,907","13,383","16,059","11,871","11,927","13,674","15,352","12,717","14,270"
Zydrine,0,0,0,0,"2,965","10,379","1,679",0,"4,218",0,0,0,0,0,"2,739","10,510","1,591",0,"4,276",0,0,0,0,0,"2,116","11,092","1,313",0,"4,315",0,0,0,0,0,"2,955","10,290","1,740",0,"4,593",0,0,0,0,0,0,0,0,0,0,0,0,"2,673",0,"15,221",0,0,0,0,"2,185",0,"15,643",0,0,0,0,"1,907",0,"16,479",0,0,0,0,"2,647",0,"15,774","5,362","9,157",0,"5,216",0,0,0,"8,708","5,278","12,349","4,771","8,725",0,"5,028",0,0,0,"8,555","4,947","13,084","3,695","6,066",0,"3,933",0,0,0,"6,353","3,642","13,533","5,396","8,595",0,"5,362",0,0,0,"8,865","5,305","13,704",0,"60,870","58,724","43,440","55,311","58,723","41,453","58,134","17,733","48,178","13,030","17,292","18,165","7,900","13,242","19,795","44,077","13,091","20,123","18,910","7,592","13,014","9,516","20,540","51,718","9,347","19,779","19,910","5,720","9,927","7,842","20,519","47,743","13,005","20,403","19,669","7,540","13,571","27,537","71,034","28,033","67,980","66,703","28,097","28,783","65,838","28,608","76,034","28,187","71,751","70,999","29,902","29,651","76,116","164,161","187,612","193,630","171,604","164,699","187,307","167,006",0,"6,776","16,974","6,402",0,"17,354",0,"4,607","18,817",0,"6,512","17,846",0,"2,327","4,689",0,"18,417","31,529","32,318","3,394","8,535","21,313",0,0,0,0,209,279,0,678,"1,046",0,108,186,0,279,399,568,853,0,161,187,0,298,431,704,957,0,123,186,0,216,316,592,794,0,116,141,0,211,275,463,691,0,126,155,0,208,308,479,754,0,0,0,0,0,0,0,0,0,0,0,0,0,0,0,0,0,0,0,0,0,0,0,0,0,0,0,0,0,0,0,0,0,0,0,0,0,0,0,0,0,0,0,0,0,0,0,0,0,0,0,0,0,0,0,0,0,0,0,0,0,0,0,0,0,0,0,0,0,0,0,0,0,0,0,0,0,0,0,0,0,0,0,0,0,0,0,0,0,0,0,0,0,0,0,0,0,0,0,0,0,0,0,0,0,0,0,0,0,0,0,0,0,0,0,0,0,0,0,0,0,0,0,0,0,0,0,0,0,0,0,0,0,0,0,0,0,0,0,0,0,0,0,0,0,0,0,0,0,0,0,0,0,0,0,0,0,0,0,0,0,0,0,0,0,0,0,0,0,0,0,0,0,0,0,0,0,0,0,0,0,0,0,0,0,0,0,0,0,0,0,0,0,0,0,0,0,0,0,0,0,0,0,113,190,0,0,115,193,0,0,131,168,0,0,129,232,0,115,186,0,114,196,0,135,204,0,136,191,325,557,249,511,314,446,265,545,358,480,322,515,303,653,373,638,0,"1,316","1,159","1,473","1,558","1,819","1,655","6,297","4,869","4,664","5,279","4,874","4,170","4,610","4,263","5,035","5,846","5,333","4,971","5,025","4,967","5,348","4,072"
Megacyte,0,0,0,0,"1,208","5,203",0,0,"2,035",0,0,0,0,0,"1,031","6,203",0,0,"2,401",0,0,0,0,0,"1,372","5,003",0,0,"2,567",0,0,0,0,0,"1,135","5,167",0,0,"1,886",0,0,0,0,0,0,0,0,0,0,0,0,0,0,"7,630",0,0,0,0,0,0,"9,233",0,0,0,0,0,0,"7,432",0,0,0,0,0,0,"7,921",0,"3,730",0,0,0,0,0,"3,546",0,"5,957",0,"3,284",0,0,0,0,0,"3,220",0,"7,346",0,"3,934",0,0,0,0,0,"4,120",0,"8,051",0,"3,300",0,0,0,0,0,"3,403",0,"5,627",0,"26,122","23,292","29,684","21,938","25,201","28,326","23,515","8,554","24,151","5,307","8,342","8,763",0,"5,393","11,114","26,015","4,928","11,298","10,617",0,"4,899",0,"12,220","23,325","6,061","11,767","11,845",0,"6,437",0,"8,425","23,974","4,992","8,378","8,077",0,"5,209","13,283","35,609","13,523","34,078","39,369","15,775","16,160","38,859","17,019","34,292","16,769","32,360","35,652","12,278","12,175","38,222","82,293","94,210","87,327","101,284","82,563","84,476","98,570",0,"2,760","8,509","2,410",0,"10,243",0,"2,988","8,487",0,"2,500","8,962",0,0,"1,800",0,"9,284","15,832","16,229",0,"3,505","10,703",0,0,0,0,0,113,0,0,553,0,0,112,0,0,231,0,483,0,0,85,0,0,220,0,521,0,0,85,0,0,198,0,338,0,0,96,0,0,160,0,468,0,0,88,0,0,194,0,330,0,0,0,0,0,0,0,0,0,0,0,0,0,0,0,0,0,0,0,0,0,0,0,0,0,0,0,0,0,0,0,0,0,0,0,0,0,0,0,0,0,0,0,0,0,0,0,0,0,0,0,0,0,0,0,0,0,0,0,0,0,0,0,0,0,0,0,0,0,0,0,0,0,0,0,0,0,0,0,0,0,0,0,0,0,0,0,0,0,0,0,0,0,0,0,0,0,0,0,0,0,0,0,0,0,0,0,0,0,0,0,0,0,0,0,0,0,0,0,0,0,0,0,0,0,0,0,0,0,0,0,0,0,0,0,0,0,0,0,0,0,0,0,0,0,0,0,0,0,0,0,0,0,0,0,0,0,0,0,0,0,0,0,0,0,0,0,0,0,0,0,0,0,0,0,0,0,0,0,0,0,0,0,0,0,0,0,0,0,0,0,0,0,0,0,0,0,0,0,0,0,0,0,0,96,0,0,0,108,0,0,0,97,0,0,0,80,0,0,86,0,0,106,0,0,82,0,0,84,0,192,0,213,0,257,0,194,0,232,0,350,0,243,0,246,0,580,713,741,"1,051",747,931,"3,983","2,664","2,789","2,076","2,233","2,754","2,515","2,425","1,785","1,974","2,784","2,976","2,560","2,615","2,572","2,664"
Morphite,0,0,0,0,0,0,0,0,0,0,0,0,0,0,0,0,0,0,0,0,0,0,0,0,0,0,0,0,0,0,0,0,0,0,0,0,0,0,0,0,0,0,0,0,0,0,0,0,0,0,0,0,0,0,0,0,0,0,0,0,0,0,0,0,0,0,0,0,0,0,0,0,0,0,0,0,0,0,0,0,0,0,0,0,0,0,0,0,0,0,0,0,0,0,0,0,0,0,0,0,0,0,0,0,0,0,0,0,0,0,0,0,0,0,0,0,0,0,0,0,0,0,0,0,0,0,0,0,0,0,0,0,0,0,0,0,0,0,0,0,0,0,0,0,0,0,0,0,0,0,0,0,0,0,0,0,0,0,0,0,0,0,0,0,0,0,0,0,0,0,0,0,0,0,0,0,0,0,0,0,0,0,0,0,0,0,0,0,0,0,0,0,0,0,0,0,0,0,0,0,0,0,0,0,0,0,0,0,0,0,0,0,0,0,0,0,0,0,0,0,0,0,0,0,0,0,0,0,0,0,0,0,0,0,0,0,0,0,0,0,0,0,0,0,0,0,0,0,0,0,0,0,0,0,0,0,0,0,0,0,0,0,0,0,0,0,0,0,0,0,0,0,0,0,0,0,0,0,0,0,0,0,0,0,0,0,0,0,0,0,0,0,0,0,0,0,0,0,0,0,0,0,0,0,0,0,0,0,0,0,0,0,0,0,0,0,0,0,0,0,0,0,0,0,0,0,0,0,0,0,0,0,0,0,0,0,0,0,0,0,0,0,0,0,0,0,0,0,0,0,0,0,0,0,0,0,0,0,0,0,0,0,0,0,0,0,0,0,0,0,0,0,0,0,0,0,0,0,0,0,0,0,0,0,0,0,0,0,0,0,0,0,0,0,0,0,0,0,0,0,0,0,0,0,0,0,0,0,0,0,0,0,0,0,0,0,0,0,0,0,0,0,0,0,0,0,0,0,0,0,0,0,0,0,0,0,0,0,0,0,0,0,0,0,0,0,0,0,0,0,0,0,0,0,0,0,0,0,0,0,0,0,0,0,0,0,0,0,0,0,0,0,0,0,0,0,0,0,0,0,0,0,0,0,0,0,0,0,0,0,0,0,0,0,0,0,0,0,0,0,0,0,0,0,0,0,0,0,0,0,0,0,0,0,0
Lustering Alloy,701,952,"3,064",693,0,0,0,"3,158",0,"1,099",725,932,"3,044",700,0,0,0,"2,911",0,"1,065",689,925,"3,112",697,0,0,0,"2,966",0,"1,026",667,964,"2,996",667,0,0,0,"3,077",0,"1,137",0,0,0,0,0,0,0,"1,548","1,076","1,036","1,532",0,"4,488",0,"1,628","1,046","1,095","1,683",0,"4,400",0,"1,581",982,"1,006","1,573",0,"4,701",0,"1,583","1,077","1,013","1,591",0,"4,864",0,0,0,"8,963",0,"3,235","9,044","9,205",0,0,0,0,0,"9,212",0,"3,170","9,557","8,800",0,0,0,0,0,"8,991",0,"3,323","9,202","9,202",0,0,0,0,0,"9,378",0,"3,134","8,975","9,633",0,0,0,"3,235",0,0,0,0,0,0,0,0,0,0,0,0,0,0,0,0,0,0,0,0,0,0,0,0,0,0,0,0,0,0,0,0,0,0,0,0,0,0,0,0,0,0,0,0,0,0,0,0,0,0,0,0,0,0,0,0,0,0,0,0,"5,725",0,0,0,"6,101",0,"5,839",0,0,"6,301",0,0,"4,071",0,0,258,0,0,0,0,0,0,322,502,0,"1,348","1,941","2,985",0,0,0,0,0,0,"1,841","3,531","5,852",0,0,0,0,0,0,0,0,0,0,0,0,0,"1,459","2,848","3,904",0,0,752,"1,195","1,729",0,0,0,0,0,720,"1,204","2,092",0,0,0,0,0,0,0,0,0,0,0,0,0,0,0,0,0,0,0,0,0,0,0,0,0,0,0,0,0,0,0,0,0,0,0,0,0,0,0,0,0,0,0,0,0,0,0,0,0,0,0,0,0,0,0,0,0,0,0,0,0,0,0,0,0,0,0,0,0,0,0,0,0,0,0,0,0,0,0,0,0,0,0,0,0,0,0,0,0,0,0,0,0,0,0,0,0,0,0,0,0,0,0,0,0,0,0,0,0,0,0,0,0,0,0,0,0,0,0,0,0,0,0,0,0,0,0,0,0,0,0,0,0,0,0,0,0,0,0,0,0,0,0,0,0,0,0,0,0,0,0,0,0,0,0,0,0,0,0,0,0,0,0,0,0,0,0,0,0,0,0,0,0,0,0,0,0,0,0,0,0,0,0,0,0,0,0,0,0,0,0,0,0,0,0,0,0,0,0,0,0,0,0,0,0,0,365,"1,165","2,364","2,939",0,0,0,0,0,0,0,0,0,0,0,0,0,0,0,"1,110","2,250","3,151",0,0,0,0,0,0,0,0,0,0,"4,801","7,326",0,0,"7,308","8,325",0,0,0,0,"6,313","10,333",0,0,0,0,0,0,0,0,0,0,0,0,0,0,0,0,0,0,0,0,0,0,0
Sheen Compound,0,0,0,0,0,0,0,0,0,0,0,0,0,0,0,0,0,0,0,0,743,997,"3,353",751,"4,684","16,289","4,606","3,196","11,230","1,105",719,"1,039","3,228",719,"4,640","16,173","4,330","3,315","11,315","1,225",0,0,0,0,0,0,0,0,0,0,0,0,0,0,0,0,0,0,0,0,0,"1,703","1,058","1,084","1,695","6,692","5,065","24,200","1,706","1,161","1,091","1,714","6,587","5,240","24,792",0,0,0,0,0,0,0,0,0,0,0,0,0,0,0,0,0,0,0,0,"12,967","13,430","9,687","13,802","3,580","9,915","9,915","14,065","12,780","35,226","13,429","13,495","10,104","13,343","3,377","9,669","10,379","13,918","13,201","33,763","3,486",0,0,0,0,0,0,0,0,0,0,0,0,0,0,0,0,0,0,0,0,0,0,"53,464","75,949","20,695","51,484","51,822","20,076","21,979","21,684","50,555","75,038","20,418","50,270","48,462","18,766","21,306",0,0,0,0,0,0,0,0,"74,463","111,657","73,369","105,367","111,590","73,675","73,055","119,633",0,0,0,0,0,0,0,0,0,0,0,0,0,"6,291","10,200","27,633","6,789","10,223","28,049",0,0,0,0,0,0,0,0,0,0,0,0,0,0,0,0,0,0,0,0,0,0,0,0,0,"9,497","12,000",0,0,0,0,0,0,"8,149","11,826",0,0,0,0,0,0,0,0,0,0,0,"1,673","3,398","3,755",0,0,0,0,0,"1,673","2,492","3,876",0,0,0,0,0,0,0,0,0,0,0,0,0,0,0,0,0,0,0,0,0,0,0,0,0,0,0,0,0,0,0,0,0,0,0,0,0,0,0,0,0,0,0,0,0,0,0,0,0,0,0,0,0,0,0,0,0,0,0,0,0,0,0,0,0,0,0,0,0,0,0,0,0,0,0,0,0,0,0,0,0,0,0,0,0,0,0,0,0,0,0,0,0,0,0,0,0,0,0,0,0,0,0,0,0,0,0,0,0,0,0,0,0,0,0,0,0,0,0,0,0,0,0,0,0,0,0,0,0,0,0,0,0,0,0,0,0,0,0,0,0,0,0,0,0,0,0,0,0,0,0,0,0,0,0,0,0,0,0,0,0,0,0,0,0,0,0,0,0,0,0,0,0,0,0,0,0,0,0,0,0,0,0,0,0,0,0,0,0,0,0,0,0,0,0,0,0,0,0,0,0,0,0,0,0,0,0,332,976,"2,558","3,290",0,0,0,0,341,"1,035","2,100","3,817",0,0,0,0,0,0,"1,116","2,670","3,290",0,0,0,"5,575","9,709",0,0,0,0,"5,120","10,004",0,0,0,0,"6,868","11,502",0,0,0,0,0,0,0,0,0,0,0,0,0,0,0,0,0,0,0,0,0,0,0,0,0
Gleaming Alloy,706,958,"3,084",698,"4,428","15,875","3,975","3,179","11,457","1,106",729,938,"3,064",705,"4,248","15,634","3,910","2,930","10,283","1,072",0,0,0,0,0,0,0,0,0,0,0,0,0,0,0,0,0,0,0,0,0,0,0,0,0,0,0,"1,558","1,083","1,043","1,542","6,328","4,517","23,282","1,639","1,053","1,102","1,694","5,372","4,429","23,271",0,0,0,0,0,0,0,0,0,0,0,0,0,0,"12,696","13,679","9,021","12,351","3,255","9,102","9,264","13,007","12,497","33,547","11,730","13,534","9,271","12,362","3,190","9,619","8,857","13,271","12,165","31,471",0,0,0,0,0,0,0,0,0,0,0,0,0,0,0,0,0,0,0,0,0,0,0,0,0,0,0,0,"48,173","73,693","19,464","46,975","49,346","18,705","19,780","47,612","65,569","20,307","48,401","45,484","18,668","20,188","20,979",0,0,0,0,0,0,0,0,0,0,0,0,0,0,0,"74,806","108,655","76,153","103,983","99,227","67,580","69,230","97,941",0,0,0,0,0,0,0,0,0,0,0,0,0,0,0,"5,762","10,121","25,963","9,930","6,141","25,816",0,0,0,0,0,0,0,0,0,0,0,0,0,0,0,0,0,0,0,0,0,0,"5,029","8,168","11,423",0,0,0,0,0,0,0,0,"1,000","1,790","2,624",0,0,0,0,0,0,0,0,0,0,0,"7,015","10,910",0,0,0,0,0,0,"5,723","8,957",0,0,0,0,0,0,0,0,0,0,0,0,0,0,0,0,0,0,0,0,0,0,0,0,0,0,0,0,0,0,0,0,0,0,0,0,0,0,0,0,0,0,0,0,0,0,0,0,0,0,0,0,0,0,0,0,0,0,0,0,0,0,0,0,0,0,0,0,0,0,0,0,0,0,0,0,0,0,0,0,0,0,0,0,0,0,0,0,0,0,0,0,0,0,0,0,0,0,0,0,0,0,0,0,0,0,0,0,0,0,0,0,0,0,0,0,0,0,0,0,0,0,0,0,0,0,0,0,0,0,0,0,0,0,0,0,0,0,0,0,0,0,0,0,0,0,0,0,0,0,0,0,0,0,0,0,0,0,0,0,0,0,0,0,0,0,0,0,0,0,0,0,0,0,0,0,0,0,0,0,0,0,0,0,0,0,0,0,0,0,0,0,0,0,0,0,0,0,0,0,0,0,0,0,0,0,0,0,0,0,0,0,0,0,0,0,0,317,952,"2,515","2,859",0,0,0,0,0,0,0,0,0,0,0,0,0,"1,082","1,983","3,319",0,0,0,0,0,0,0,0,"5,978","8,872",0,0,0,0,0,0,0,0,0,0,0,0,0,0,0,0,0,0,0,0,0,0,0,0,0,0,0,0,0
Condensed Alloy,0,0,0,0,0,0,0,0,0,0,0,0,0,0,0,0,0,0,0,0,0,0,0,0,0,0,0,0,0,0,0,0,0,0,0,0,0,0,0,0,"30,200","30,239","28,899","30,637","29,396","29,461","30,060",0,0,0,0,0,0,0,0,0,0,0,0,0,0,0,0,0,0,0,0,0,0,0,0,0,0,0,0,0,0,0,0,0,0,0,0,0,0,0,0,0,0,0,0,0,0,0,0,0,0,0,0,0,0,0,0,0,0,0,0,0,0,0,0,0,0,0,0,0,"84,891","85,049","83,884","80,105","81,897","80,046","79,602",0,0,0,0,0,0,0,0,0,0,0,0,0,0,0,0,0,0,0,0,0,0,0,0,0,0,0,0,0,0,0,0,0,0,0,0,0,0,0,0,0,0,0,0,0,0,"284,503","312,089","300,948","289,235","285,436","291,121","281,485",0,0,0,0,0,0,0,0,0,0,0,0,"4,642","6,130","7,791",294,"51,449","52,447","53,759","8,939","22,256","35,453",367,572,"1,563",0,0,0,0,0,0,0,0,0,"2,010","4,027","4,564",0,0,938,"1,798","2,187","1,845","4,108","5,062",0,0,863,"1,199","2,337",0,0,0,"6,955","9,462",0,0,0,0,0,0,0,0,0,0,0,0,0,0,"7,112","11,675",0,0,0,0,0,0,0,0,0,0,0,0,0,0,0,0,0,0,0,0,0,0,0,0,0,0,0,0,0,0,0,0,0,0,0,0,0,0,0,0,0,0,0,0,0,0,0,0,0,0,0,0,0,0,0,0,0,0,0,0,0,0,0,0,0,0,0,0,0,0,0,0,0,0,0,0,0,0,0,0,0,0,0,0,0,0,0,0,0,0,0,0,0,0,0,0,0,0,0,0,0,0,0,0,0,0,0,0,0,0,0,0,0,0,0,0,0,0,0,0,0,0,0,0,0,0,0,0,0,0,0,0,0,0,0,0,0,0,0,0,0,0,0,0,0,0,0,0,0,0,0,0,0,0,0,0,0,0,0,0,0,0,0,0,0,0,0,0,0,0,0,0,0,0,0,0,0,0,0,0,0,0,0,0,0,0,0,0,0,0,0,0,0,0,0,0,0,0,0,0,0,0,0,0,0,0,0,0,0,0,0,0,0,386,"1,397","2,364","3,128",0,0,0,0,0,0,0,0,0,0,0,0,"4,681","10,097",0,0,0,0,0,0,0,0,"6,205","10,443",0,0,0,0,0,0,0,0,0,0,0,0,0,0,0,0,0,0,0,0,0,0,0,0,0,0,0
Precious Alloy,0,0,0,0,"3,932","14,094","3,530",0,"10,172",0,0,0,0,0,"3,772","13,880","3,472",0,"9,130",0,0,0,0,0,"3,885","13,509","3,820",0,"9,313",0,0,0,0,0,"3,848","13,413","3,591",0,"9,384",0,"23,665","23,695","22,645","24,007","23,034","23,085","23,555",0,0,0,0,"5,619",0,"20,670",0,0,0,0,"4,769",0,"20,660",0,0,0,0,"5,550",0,"20,070",0,0,0,0,"5,463",0,"20,561","11,272","12,145",0,"10,965",0,0,0,"11,548","11,095","29,784","10,414","12,015",0,"10,975",0,0,0,"11,782","10,800","27,940","10,754","11,138",0,"11,446",0,0,0,"11,665","10,599","29,214","11,137","11,192",0,"11,066",0,0,0,"11,543","10,949","28,002",0,"66,520","66,644","65,731","62,770","64,174","62,724","62,375","42,769","65,427","17,281","41,706","43,811","16,607","17,561","42,271","58,213","18,029","42,972","40,382","16,574","17,924","18,626","44,340","62,988","17,164","42,698","42,978","16,650","18,228","17,983","41,927","62,232","16,934","41,691","40,192","15,563","17,670","66,414","96,466","67,611","92,318","88,096","59,999","61,464","86,954","61,756","92,602","60,848","87,385","92,547","61,101","60,587","99,217","222,935","244,551","235,820","226,642","223,666","228,121","220,570",0,"8,986","23,050","8,816",0,"22,920",0,"8,459","22,917",0,"8,479","23,263",0,"4,804","6,105",0,"40,315","41,098","42,126","7,005","17,440","27,781",0,0,"1,225","1,058","2,012","2,292","4,641","6,299","10,968",817,"1,293","2,330",0,0,0,0,0,0,0,0,"1,551","2,880","4,087","7,876","8,726",0,0,0,"1,313","2,750","3,414",0,0,0,0,0,0,0,0,0,0,0,0,0,0,0,0,0,0,0,0,0,0,0,0,0,0,0,0,0,0,0,0,0,0,0,0,0,0,0,0,0,0,0,0,0,0,0,0,0,0,0,0,0,0,0,0,0,0,0,0,0,0,0,0,0,0,0,0,0,0,0,0,0,0,0,0,0,0,0,0,0,0,0,0,0,0,0,0,0,0,0,0,0,0,0,0,0,0,0,0,0,0,0,0,0,0,0,0,0,0,0,0,0,0,0,0,0,0,0,0,0,0,0,0,0,0,0,0,0,0,0,0,0,0,0,0,0,0,0,0,0,0,0,0,0,0,0,0,0,0,0,0,0,0,0,0,0,0,0,0,0,0,0,0,0,0,0,0,0,0,0,0,0,0,0,0,0,0,0,0,0,0,0,0,0,0,0,0,0,0,0,0,0,0,0,0,0,0,0,0,0,0,0,0,0,0,0,0,0,0,0,0,0,0,0,0,0,0,0,0,0,0,0,277,"1,019","1,760","3,385",0,0,0,0,0,0,0,0,983,"1,594","2,422",0,0,0,0,0,0,0,0,0,0,0,"4,846","7,352",0,0,0,0,0,0,0,0,"5,585","6,608",0,0,0,0,0,0,0,0,0,0,0,0,0,0,0,0,0,0,0,0,0,0,0,0,0
Motley Compound,706,958,0,698,0,0,0,0,0,"1,106",729,938,0,705,0,0,0,0,0,"1,072",694,931,0,702,0,0,0,0,0,"1,032",672,970,0,672,0,0,0,0,0,"1,144",0,0,0,0,0,0,0,"1,558","1,083","1,043","1,542",0,0,0,"1,639","1,053","1,102","1,694",0,0,0,"1,591",988,"1,012","1,583",0,0,0,"1,593","1,084","1,019","1,601",0,0,0,0,0,0,0,"3,255",0,0,0,0,0,0,0,0,0,"3,190",0,0,0,0,0,0,0,0,0,"3,344",0,0,0,0,0,0,0,0,0,"3,155",0,0,0,0,0,"3,256",0,0,0,0,0,0,0,0,0,0,0,0,0,0,0,0,0,0,0,0,0,0,0,0,0,0,0,0,0,0,0,0,0,0,0,0,0,0,0,0,0,0,0,0,0,0,0,0,0,0,0,0,0,0,0,0,0,0,0,0,0,0,0,0,0,0,0,0,0,0,0,0,0,0,0,259,0,0,0,0,0,0,324,505,0,0,0,0,0,0,0,0,0,0,0,0,0,"8,413","13,078",0,0,0,"1,694","3,530","4,367",0,0,772,"1,385","2,203",0,0,0,"7,477","9,833",0,0,0,0,0,0,0,0,757,"1,328","1,796",0,0,0,0,0,0,0,0,0,0,0,0,0,0,0,0,0,0,0,0,0,0,0,0,0,0,0,0,0,0,0,0,0,0,0,0,0,0,0,0,0,0,0,0,0,0,0,0,0,0,0,0,0,0,0,0,0,0,0,0,0,0,0,0,0,0,0,0,0,0,0,0,0,0,0,0,0,0,0,0,0,0,0,0,0,0,0,0,0,0,0,0,0,0,0,0,0,0,0,0,0,0,0,0,0,0,0,0,0,0,0,0,0,0,0,0,0,0,0,0,0,0,0,0,0,0,0,0,0,0,0,0,0,0,0,0,0,0,0,0,0,0,0,0,0,0,0,0,0,0,0,0,0,0,0,0,0,0,0,0,0,0,0,0,0,0,0,0,0,0,0,0,0,0,0,0,0,0,0,0,0,0,0,0,0,0,0,0,0,0,0,0,0,0,0,0,0,0,0,0,0,0,0,0,0,0,334,"1,087","1,826","3,878",0,0,0,0,0,0,0,0,0,0,0,0,0,0,0,"1,087","2,129","3,796",0,0,0,916,"1,993","3,812",0,0,0,0,"4,958","6,940",0,0,0,0,0,0,0,0,"6,134","10,301",0,0,0,0,0,0,0,0,0,0,0,0,0,0,0,0,0,0,0,0,0,0,0
Fiber Composite,0,0,"3,494",0,"5,017","17,987","4,504","3,601","12,981",0,0,0,"3,471",0,"4,814","17,713","4,430","3,320","11,651",0,0,0,"3,549",0,"4,957","17,240","4,875","3,382","11,885",0,0,0,"3,417",0,"4,910","17,117","4,583","3,509","11,976",0,"30,200","30,239","28,899","30,637","29,396","29,461","30,060",0,0,0,0,0,0,0,0,0,0,0,0,0,0,0,0,0,0,0,0,0,0,0,0,0,0,0,0,0,0,0,0,0,0,0,0,0,0,0,0,0,0,0,0,0,0,0,0,0,0,0,0,0,0,0,0,0,0,0,0,0,0,0,0,0,0,0,0,0,0,0,0,0,0,0,0,0,0,0,0,0,0,0,0,0,0,0,0,0,0,0,0,0,0,0,0,0,0,0,0,0,0,0,0,0,0,0,0,0,0,0,0,0,0,0,0,0,0,0,0,0,0,0,0,0,0,0,0,0,0,0,0,0,0,0,0,0,0,0,0,0,0,0,0,0,0,0,0,0,0,0,0,0,"1,563",0,0,0,0,0,0,0,0,0,0,0,0,"8,365","10,400",0,0,0,0,0,0,0,0,0,0,0,0,0,0,"6,903","11,141",0,0,0,0,0,0,0,0,845,"1,667","2,560",0,0,0,0,0,0,0,0,0,0,0,0,0,0,0,0,0,0,0,0,0,0,0,0,0,0,0,0,0,0,0,0,0,0,0,0,0,0,0,0,0,0,0,0,0,0,0,0,0,0,0,0,0,0,0,0,0,0,0,0,0,0,0,0,0,0,0,0,0,0,0,0,0,0,0,0,0,0,0,0,0,0,0,0,0,0,0,0,0,0,0,0,0,0,0,0,0,0,0,0,0,0,0,0,0,0,0,0,0,0,0,0,0,0,0,0,0,0,0,0,0,0,0,0,0,0,0,0,0,0,0,0,0,0,0,0,0,0,0,0,0,0,0,0,0,0,0,0,0,0,0,0,0,0,0,0,0,0,0,0,0,0,0,0,0,0,0,0,0,0,0,0,0,0,0,0,0,0,0,0,0,0,0,0,0,0,0,0,0,0,0,0,0,0,0,0,0,0,0,0,0,0,0,0,0,0,0,0,0,0,377,"1,352","2,388","3,630",0,0,0,0,0,0,0,0,0,0,0,0,0,0,"1,312","2,459","4,003",0,0,0,0,0,0,0,0,0,"5,192","9,784",0,0,0,0,0,0,0,0,0,0,0,0,0,0,0,0,0,0,0,0,0,0,0,0,0,0,0,0,0,0,0
Lucent Compound,0,0,0,0,0,0,0,0,0,0,0,0,0,0,0,0,0,0,0,0,0,0,0,0,0,0,0,0,0,0,0,0,0,0,0,0,0,0,0,0,0,0,0,0,0,0,0,0,0,0,0,"6,775","4,836","24,923",0,0,0,0,"5,750","4,741","24,912",0,0,0,0,"6,692","5,065","24,200",0,0,0,0,"6,587","5,240","24,792",0,0,0,0,0,0,0,0,0,0,0,0,0,0,0,0,0,0,0,0,0,0,0,0,0,0,0,0,0,0,0,0,0,0,0,0,0,0,0,0,0,0,0,0,0,0,0,0,0,0,0,0,0,0,0,0,0,0,0,0,0,0,0,0,0,0,0,0,0,0,0,0,0,0,0,0,0,0,0,0,0,0,0,0,0,0,0,0,0,0,0,0,0,0,0,0,0,0,0,0,0,0,0,0,0,0,0,0,0,0,0,0,0,0,0,0,0,0,0,0,0,0,0,0,0,0,"1,382","2,410","3,239","4,569","9,063","13,406",0,0,0,0,0,0,0,0,0,0,0,"2,239","3,754","6,196",0,0,0,0,0,"1,752","2,471","4,236",0,0,0,0,0,0,0,0,0,0,0,0,0,"1,415","2,945","3,845","6,769","10,598",0,0,0,0,0,0,0,0,0,0,0,0,0,0,0,0,0,0,0,0,0,0,0,0,0,0,0,0,0,0,0,0,0,0,0,0,0,0,0,0,0,0,0,0,0,0,0,0,0,0,0,0,0,0,0,0,0,0,0,0,0,0,0,0,0,0,0,0,0,0,0,0,0,0,0,0,0,0,0,0,0,0,0,0,0,0,0,0,0,0,0,0,0,0,0,0,0,0,0,0,0,0,0,0,0,0,0,0,0,0,0,0,0,0,0,0,0,0,0,0,0,0,0,0,0,0,0,0,0,0,0,0,0,0,0,0,0,0,0,0,0,0,0,0,0,0,0,0,0,0,0,0,0,0,0,0,0,0,0,0,0,0,0,0,0,0,0,0,0,0,0,0,0,0,0,0,0,0,0,0,0,0,0,0,0,0,0,0,0,0,0,0,0,0,0,0,0,0,0,0,0,0,0,0,0,0,0,0,0,407,"1,148","2,078","3,747",0,0,0,0,927,"2,055","3,237",0,0,0,0,0,0,"1,110","2,457","3,360",0,0,"4,664","7,218",0,0,0,0,"6,600","12,083",0,0,0,0,0,0,0,0,0,0,0,0,0,0,0,0,0,0,0,0,0,0,0,0,0,0,0,0,0
Opulent Compound,0,0,0,0,0,0,0,0,0,0,0,0,0,0,0,0,0,0,0,0,0,0,0,0,0,0,0,0,0,0,0,0,0,0,0,0,0,0,0,0,0,0,0,0,0,0,0,0,0,0,0,0,0,0,0,0,0,0,0,0,0,0,0,0,0,0,0,0,0,0,0,0,0,0,0,"14,385","15,498","10,221","13,993",0,"10,312","10,496","14,737","14,159","38,009","13,290","15,334","10,504","14,006",0,"10,898","10,034","15,036","13,783","35,657","13,724","14,214","10,252","14,607",0,"10,494","10,494","14,886","13,526","37,282","14,212","14,283","10,694","14,122",0,"10,234","10,985","14,730","13,972","35,735",0,"84,891","85,049","83,884","80,105","81,897","80,046","79,602",0,0,0,0,0,0,0,0,0,0,0,0,0,0,0,0,0,0,0,0,0,0,0,0,0,0,0,0,0,0,0,0,0,0,0,0,0,0,0,0,0,0,0,0,0,0,0,0,0,0,0,0,0,"6,528","11,467","29,416","11,251","6,958","29,250","6,659","10,795","29,246","7,185","10,820","29,687","4,642","6,130","7,791",0,0,0,0,"8,939","22,256","35,453",0,0,0,0,0,0,0,0,0,0,0,0,0,0,0,0,0,"1,171","1,595","2,973",0,0,0,0,0,0,0,0,"1,355","2,703","5,183",0,0,0,0,0,0,0,0,"8,158","10,225",0,0,0,0,0,0,0,0,0,0,0,0,0,0,0,0,0,0,0,0,0,0,0,0,0,0,0,0,0,0,0,0,0,0,0,0,0,0,0,0,0,0,0,0,0,0,0,0,0,0,0,0,0,0,0,0,0,0,0,0,0,0,0,0,0,0,0,0,0,0,0,0,0,0,0,0,0,0,0,0,0,0,0,0,0,0,0,0,0,0,0,0,0,0,0,0,0,0,0,0,0,0,0,0,0,0,0,0,0,0,0,0,0,0,0,0,0,0,0,0,0,0,0,0,0,0,0,0,0,0,0,0,0,0,0,0,0,0,0,0,0,0,0,0,0,0,0,0,0,0,0,0,0,0,0,0,0,0,0,0,0,0,0,0,0,0,0,0,0,0,0,0,0,0,0,0,0,0,0,0,0,0,0,0,0,0,0,0,0,0,0,0,0,0,0,0,0,0,0,0,0,0,0,0,0,0,0,0,0,0,0,0,0,0,0,0,0,0,0,0,0,375,993,"2,766","4,096",0,0,0,0,0,0,0,0,0,0,0,0,"6,128","7,238",0,0,0,0,0,0,0,0,"7,446","11,671",0,0,0,0,0,0,0,0,0,0,0,0,0,0,0,0,0,0,0,0,0,0,0,0,0,0,0
Glossy Compound,0,0,0,0,0,0,0,0,0,0,0,0,0,0,0,0,0,0,0,0,0,0,0,0,0,0,0,0,0,0,0,0,0,0,0,0,0,0,0,0,0,0,0,0,0,0,0,0,0,0,0,0,0,0,0,0,0,0,0,0,0,0,0,0,0,0,0,0,0,0,0,0,0,0,0,0,0,0,0,0,0,0,0,0,0,0,0,0,0,0,0,0,0,0,0,0,0,0,0,0,0,0,0,0,0,0,0,0,0,0,0,0,0,0,0,0,0,0,0,0,0,0,0,"48,173","73,693","19,464","46,975","49,346","18,705","19,780","47,612","65,569","20,307","48,401","45,484","18,668","20,188","20,979","49,942","70,946","19,332","48,092","48,409","18,754","20,531","20,255","47,225","70,095","19,073","46,959","45,270","17,530","19,903",0,0,0,0,0,0,0,0,0,0,0,0,0,0,0,0,0,0,0,0,0,0,0,0,0,0,0,0,0,0,0,0,0,0,0,0,0,0,0,0,0,0,0,0,0,0,0,0,0,0,0,0,0,0,0,0,0,0,0,0,0,0,0,0,0,0,0,0,"6,582","9,910",631,"1,424","1,670",0,0,0,0,0,0,0,0,"1,343","3,001","3,648",0,0,0,0,0,"1,511","3,155","4,350",0,0,0,0,0,0,0,0,0,0,0,0,0,0,0,0,0,0,0,0,0,0,0,0,0,0,0,0,0,0,0,0,0,0,0,0,0,0,0,0,0,0,0,0,0,0,0,0,0,0,0,0,0,0,0,0,0,0,0,0,0,0,0,0,0,0,0,0,0,0,0,0,0,0,0,0,0,0,0,0,0,0,0,0,0,0,0,0,0,0,0,0,0,0,0,0,0,0,0,0,0,0,0,0,0,0,0,0,0,0,0,0,0,0,0,0,0,0,0,0,0,0,0,0,0,0,0,0,0,0,0,0,0,0,0,0,0,0,0,0,0,0,0,0,0,0,0,0,0,0,0,0,0,0,0,0,0,0,0,0,0,0,0,0,0,0,0,0,0,0,0,0,0,0,0,0,0,0,0,0,0,0,0,0,0,0,0,0,0,0,0,0,0,0,0,0,0,0,0,0,0,0,0,0,0,0,0,0,0,0,0,0,0,0,0,0,0,0,0,"1,123","2,504","3,944",861,"1,889","3,221",0,0,0,0,0,0,0,0,"4,382","7,768",0,0,0,0,0,0,0,0,"6,854","10,153",0,0,0,0,0,0,0,0,0,0,0,0,0,0,0,0,0,0,0,0,0,0,0,0,0
Crystal Compound,0,0,0,0,0,0,0,0,0,0,0,0,0,0,0,0,0,0,0,0,0,0,0,0,0,0,0,0,0,0,0,0,0,0,0,0,0,0,0,0,0,0,0,0,0,0,0,0,0,0,0,0,0,0,0,0,0,0,0,0,0,0,0,0,0,0,0,0,0,0,0,0,0,0,0,0,0,0,0,0,0,0,0,0,0,0,0,0,0,0,0,0,0,0,0,0,0,0,0,0,0,0,0,0,0,0,0,0,0,0,0,0,0,0,0,0,0,0,0,0,0,0,0,0,0,0,0,0,0,0,0,0,0,0,0,0,0,0,0,0,0,0,0,0,0,0,0,0,0,0,0,0,0,"79,421","115,359","80,852","110,399","105,349","71,750","73,502","103,984","73,850","110,738","72,765","104,499","110,672","73,068","72,453","118,648","266,596","292,445","282,005","271,030","267,470","272,798","263,768",0,0,0,0,0,0,0,0,0,0,0,0,0,0,0,0,"48,211","49,146","50,376",0,0,0,0,0,0,0,0,0,"4,531","9,938","13,385",0,0,0,"1,897","3,520","5,822",0,0,"1,090","1,875","2,157",0,0,0,0,0,0,0,0,0,0,0,0,0,814,"1,430","2,473",0,0,0,"5,978","9,867",0,0,0,0,0,0,"8,134","10,082",0,0,0,0,0,0,0,0,0,0,0,0,0,0,0,0,0,0,0,0,0,0,0,0,0,0,0,0,0,0,0,0,0,0,0,0,0,0,0,0,0,0,0,0,0,0,0,0,0,0,0,0,0,0,0,0,0,0,0,0,0,0,0,0,0,0,0,0,0,0,0,0,0,0,0,0,0,0,0,0,0,0,0,0,0,0,0,0,0,0,0,0,0,0,0,0,0,0,0,0,0,0,0,0,0,0,0,0,0,0,0,0,0,0,0,0,0,0,0,0,0,0,0,0,0,0,0,0,0,0,0,0,0,0,0,0,0,0,0,0,0,0,0,0,0,0,0,0,0,0,0,0,0,0,0,0,0,0,0,0,0,0,0,0,0,0,0,0,0,0,0,0,0,0,0,0,0,0,0,0,0,0,0,0,0,0,0,0,0,0,0,0,0,0,0,0,0,0,0,0,0,292,951,"2,083","3,402",0,0,0,0,314,"1,192","2,227","3,646",0,0,0,0,978,"2,559","3,716",0,0,0,"1,010","2,382","4,204",0,0,0,"5,396","9,084",0,0,"5,636","7,871",0,0,"7,210","12,821",0,0,"5,150","10,937",0,0,0,0,0,0,0,0,0,0,0,0,0,0,0,0,0,0,0,0,0,0,0,0,0
Dark Compound,0,0,0,0,0,0,0,0,0,0,0,0,0,0,0,0,0,0,0,0,0,0,0,0,0,0,0,0,0,0,0,0,0,0,0,0,0,0,0,0,0,0,0,0,0,0,0,0,0,0,0,0,0,0,0,0,0,0,0,0,0,0,0,0,0,0,0,0,0,0,0,0,0,0,0,0,0,0,0,0,0,0,0,0,0,0,0,0,0,0,0,0,0,0,0,0,0,0,0,0,0,0,0,0,0,0,0,0,0,0,0,0,0,0,0,0,0,0,0,0,0,0,0,0,0,0,0,0,0,0,0,0,0,0,0,0,0,0,0,0,0,0,0,0,0,0,0,0,0,0,0,0,0,0,0,0,0,0,0,0,0,0,0,0,0,0,0,0,0,0,0,0,0,0,0,0,0,0,0,0,0,0,0,0,0,0,0,0,0,0,0,0,0,0,0,0,0,0,0,0,0,"1,081","2,346","3,397",0,0,0,"1,000","1,737","2,193",0,0,0,0,0,0,0,0,0,0,0,"9,681","14,174",0,0,0,0,0,0,0,0,703,"1,226","1,758","1,303","2,245","4,717",0,0,799,"1,606","2,043",0,0,0,0,0,0,0,0,0,0,0,0,0,0,0,0,0,0,0,0,0,0,0,0,0,0,0,0,0,0,0,0,0,0,0,0,0,0,0,0,0,0,0,0,0,0,0,0,0,0,0,0,0,0,0,0,0,0,0,0,0,0,0,0,0,0,0,0,0,0,0,0,0,0,0,0,0,0,0,0,0,0,0,0,0,0,0,0,0,0,0,0,0,0,0,0,0,0,0,0,0,0,0,0,0,0,0,0,0,0,0,0,0,0,0,0,0,0,0,0,0,0,0,0,0,0,0,0,0,0,0,0,0,0,0,0,0,0,0,0,0,0,0,0,0,0,0,0,0,0,0,0,0,0,0,0,0,0,0,0,0,0,0,0,0,0,0,0,0,0,0,0,0,0,0,0,0,0,0,0,0,0,0,0,0,0,0,0,0,0,0,0,0,0,0,0,0,0,0,0,0,0,0,0,0,0,0,0,0,0,329,981,"2,011","3,096",0,0,0,0,297,"1,196","2,189","3,536",0,0,0,981,"2,402","3,342",0,0,0,"1,019","2,212","3,254",0,0,"6,379","9,329",0,0,"5,388","7,007",0,0,"7,404","10,078",0,0,"6,868","11,028",0,0,0,0,0,0,0,0,0,0,0,0,0,0,0,0,0,0,0,0,0,0,0
Base Metals,211,286,0,208,0,0,0,0,0,330,218,280,0,210,0,0,0,0,0,320,207,278,0,210,0,0,0,0,0,308,201,290,0,201,0,0,0,0,0,341,0,0,0,0,0,0,0,465,323,311,460,0,0,0,489,314,329,505,0,0,0,475,295,302,472,0,0,0,475,324,304,478,0,0,0,0,0,0,0,971,0,0,0,0,0,0,0,0,0,952,0,0,0,0,0,0,0,0,0,997,0,0,0,0,0,0,0,0,0,941,0,0,0,0,0,971,0,0,0,0,0,0,0,0,0,0,0,0,0,0,0,0,0,0,0,0,0,0,0,0,0,0,0,0,0,0,0,0,0,0,0,0,0,0,0,0,0,0,0,0,0,0,0,0,0,0,0,0,0,0,0,0,0,0,0,0,0,0,0,0,0,0,0,0,0,0,0,0,0,0,0,78,0,0,0,0,0,0,97,151,0,282,529,902,0,0,0,273,545,652,0,0,0,0,0,0,0,0,0,0,0,0,0,0,0,0,0,0,0,0,0,243,479,632,0,0,0,0,0,210,365,523,0,0,0,"1,721","2,450",0,0,0,0,0,0,0,0,0,0,0,0,0,0,0,0,0,0,0,0,0,0,0,0,0,0,0,0,0,0,0,0,0,0,0,0,0,0,0,0,0,0,0,0,0,0,0,0,0,0,0,0,0,0,0,0,0,0,0,0,0,0,0,0,0,0,0,0,0,0,0,0,0,0,0,0,0,0,0,0,0,0,0,0,0,0,0,0,0,0,0,0,0,0,0,0,0,0,0,0,0,0,0,0,0,0,0,0,0,0,0,0,0,0,0,0,0,0,0,0,0,0,0,0,0,0,0,0,0,0,0,0,0,0,0,0,0,0,0,0,0,0,0,0,0,0,0,0,0,0,0,0,0,0,0,0,0,0,0,0,0,0,0,0,0,0,0,0,0,0,0,0,0,0,0,0,0,0,0,0,0,0,0,0,0,0,0,0,0,0,0,0,0,0,0,0,0,0,0,0,0,100,254,694,902,0,0,0,0,0,0,0,0,0,0,0,0,0,0,0,314,570,931,0,0,0,0,0,0,0,0,0,0,"1,561","2,893",0,0,0,0,0,0,0,0,"1,661","2,925",0,0,0,0,0,0,0,0,0,0,0,0,0,0,0,0,0,0,0,0,0,0,0
Heavy Metals,0,0,0,0,0,0,0,0,0,0,0,0,0,0,0,0,0,0,0,0,743,997,"3,353",751,"4,684","16,289","4,606","3,196","11,230","1,105",719,"1,039","3,228",719,"4,640","16,173","4,330","3,315","11,315","1,225",0,0,0,0,0,0,0,0,0,0,0,0,0,0,0,0,0,0,0,0,0,"1,703","1,058","1,084","1,695","6,692","5,065","24,200","1,706","1,161","1,091","1,714","6,587","5,240","24,792",0,0,0,0,0,0,0,0,0,0,0,0,0,0,0,0,0,0,0,0,"12,967","13,430","9,687","13,802","3,580","9,915","9,915","14,065","12,780","35,226","13,429","13,495","10,104","13,343","3,377","9,669","10,379","13,918","13,201","33,763","3,486",0,0,0,0,0,0,0,0,0,0,0,0,0,0,0,0,0,0,0,0,0,0,"53,464","75,949","20,695","51,484","51,822","20,076","21,979","21,684","50,555","75,038","20,418","50,270","48,462","18,766","21,306",0,0,0,0,0,0,0,0,"74,463","111,657","73,369","105,367","111,590","73,675","73,055","119,633",0,0,0,0,0,0,0,0,0,0,0,0,0,"6,291","10,200","27,633","6,789","10,223","28,049",0,0,0,0,0,0,0,0,0,0,0,0,0,0,0,0,0,0,0,0,0,0,0,0,0,"7,291","11,565",0,0,0,0,0,0,"8,517","13,739",0,0,0,"1,673","3,006","3,575",0,0,0,0,0,"1,482","2,512","4,236",0,0,0,0,0,"1,763","2,759","4,146",0,0,0,0,0,0,0,0,0,0,0,0,0,0,0,0,0,0,0,0,0,0,0,0,0,0,0,0,0,0,0,0,0,0,0,0,0,0,0,0,0,0,0,0,0,0,0,0,0,0,0,0,0,0,0,0,0,0,0,0,0,0,0,0,0,0,0,0,0,0,0,0,0,0,0,0,0,0,0,0,0,0,0,0,0,0,0,0,0,0,0,0,0,0,0,0,0,0,0,0,0,0,0,0,0,0,0,0,0,0,0,0,0,0,0,0,0,0,0,0,0,0,0,0,0,0,0,0,0,0,0,0,0,0,0,0,0,0,0,0,0,0,0,0,0,0,0,0,0,0,0,0,0,0,0,0,0,0,0,0,0,0,0,0,0,0,0,0,0,0,0,0,0,0,0,0,0,0,0,0,0,0,0,0,0,0,0,0,0,0,0,0,0,0,0,0,0,0,0,0,0,0,0,0,0,0,0,353,927,"2,223","3,694",0,0,0,0,0,0,0,0,0,0,0,0,0,0,"1,067","1,910","3,202",0,0,0,0,0,0,0,0,0,"6,031","8,358",0,0,"6,734","11,872",0,0,0,0,0,0,0,0,0,0,0,0,0,0,0,0,0,0,0,0,0,0,0,0,0,0,0
Reactive Metals,0,0,869,0,"1,248","4,473","1,120",896,"3,228",0,0,0,864,0,"1,197","4,405","1,102",826,"2,897",0,0,0,883,0,"1,233","4,287","1,212",841,"2,956",0,0,0,850,0,"1,221","4,256","1,140",873,"2,978",0,"7,509","7,519","7,186","7,618","7,309","7,325","7,475",0,0,0,0,"1,783","1,273","6,559",0,0,0,0,"1,514","1,248","6,556",0,0,0,0,"1,762","1,333","6,369",0,0,0,0,"1,734","1,379","6,525","3,577","3,854","2,542","3,480",0,"2,564","2,610","3,665","3,521","9,451","3,305","3,813","2,612","3,483",0,"2,710","2,495","3,739","3,427","8,866","3,413","3,535","2,549","3,632",0,"2,610","2,610","3,702","3,363","9,270","3,534","3,552","2,659","3,512",0,"2,545","2,732","3,663","3,474","8,885",0,"21,108","21,147","20,857","19,918","20,363","19,903","19,793","13,571","20,761","5,484","13,234","13,902","5,270","5,573","13,413","18,472","5,721","13,636","12,814","5,259","5,688","5,910","14,070","19,987","5,447","13,549","13,638","5,284","5,784","5,707","13,304","19,747","5,374","13,229","12,754","4,939","5,607","21,074","30,610","21,454","29,294","27,954","19,039","19,503","27,592","19,596","29,384","19,308","27,728","29,366","19,388","19,225","31,483","70,740","77,599","74,828","71,916","70,972","72,385","69,989","1,623","2,852","7,314","2,798","1,730","7,273","1,656","2,685","7,272","1,787","2,691","7,382","1,155","1,525","1,937",0,"12,793","13,041","13,367","2,223","5,534","8,816",0,0,389,0,0,0,0,0,0,239,518,716,549,928,"1,087",0,0,211,508,744,0,0,0,0,0,182,410,542,0,0,0,0,0,193,404,562,0,0,0,"2,185","3,036",0,0,0,367,748,"1,186",0,0,0,0,0,0,0,0,0,0,0,0,0,0,0,0,0,0,0,0,0,0,0,0,0,0,0,0,0,0,0,0,0,0,0,0,0,0,0,0,0,0,0,0,0,0,0,0,0,0,0,0,0,0,0,0,0,0,0,0,0,0,0,0,0,0,0,0,0,0,0,0,0,0,0,0,0,0,0,0,0,0,0,0,0,0,0,0,0,0,0,0,0,0,0,0,0,0,0,0,0,0,0,0,0,0,0,0,0,0,0,0,0,0,0,0,0,0,0,0,0,0,0,0,0,0,0,0,0,0,0,0,0,0,0,0,0,0,0,0,0,0,0,0,0,0,0,0,0,0,0,0,0,0,0,0,0,0,0,0,0,0,0,0,0,0,0,0,0,0,0,0,0,0,0,0,0,0,0,0,0,0,0,0,0,0,0,0,0,0,0,0,0,0,0,0,0,0,0,0,0,0,0,79,290,547,949,0,0,0,0,0,0,0,0,92,237,535,898,0,0,0,0,0,0,0,0,0,0,0,0,"1,468","1,833",0,0,"1,326","2,255",0,0,0,0,"1,702","2,611",0,0,0,0,0,0,0,0,0,0,0,0,0,0,0,0,0,0,0,0,0,0,0,0,0,0,0
Noble Metals,800,"1,086","3,494",791,"5,017","17,987","4,504","3,601","12,981","1,253",826,"1,062","3,471",798,"4,814","17,713","4,430","3,320","11,651","1,214",0,0,0,0,0,0,0,0,0,0,0,0,0,0,0,0,0,0,0,0,0,0,0,0,0,0,0,"1,765","1,227","1,181","1,747","7,170","5,118","26,378","1,857","1,192","1,249","1,919","6,086","5,017","26,366",0,0,0,0,0,0,0,0,0,0,0,0,0,0,"14,385","15,498","10,221","13,993","3,688","10,312","10,496","14,737","14,159","38,009","13,290","15,334","10,504","14,006","3,615","10,898","10,034","15,036","13,783","35,657",0,0,0,0,0,0,0,0,0,0,0,0,0,0,0,0,0,0,0,0,0,0,0,0,0,0,0,0,"54,581","83,496","22,053","53,223","55,910","21,193","22,411","53,945","74,290","23,008","54,839","51,534","21,151","22,874","23,770",0,0,0,0,0,0,0,0,0,0,0,0,0,0,0,"84,756","123,108","86,283","117,814","112,425","76,569","78,439","110,969",0,0,0,0,0,0,0,0,0,0,0,0,0,0,0,"6,528","11,467","29,416","11,251","6,958","29,250",0,0,0,0,0,0,0,0,0,0,0,0,0,0,0,0,0,0,0,0,0,0,"4,948","9,795","11,696",0,0,0,0,0,0,"9,727","14,265",0,0,0,"2,385","3,162","5,062",0,0,982,"1,602","2,226",0,0,0,"6,327","9,309",0,0,0,"2,080","3,225","4,674","6,798","10,301",0,0,0,0,0,0,"7,112","10,454",0,0,0,0,0,0,0,0,0,0,0,0,0,0,0,0,0,0,0,0,0,0,0,0,0,0,0,0,0,0,0,0,0,0,0,0,0,0,0,0,0,0,0,0,0,0,0,0,0,0,0,0,0,0,0,0,0,0,0,0,0,0,0,0,0,0,0,0,0,0,0,0,0,0,0,0,0,0,0,0,0,0,0,0,0,0,0,0,0,0,0,0,0,0,0,0,0,0,0,0,0,0,0,0,0,0,0,0,0,0,0,0,0,0,0,0,0,0,0,0,0,0,0,0,0,0,0,0,0,0,0,0,0,0,0,0,0,0,0,0,0,0,0,0,0,0,0,0,0,0,0,0,0,0,0,0,0,0,0,0,0,0,0,0,0,0,0,0,0,0,0,0,0,0,0,0,0,0,0,0,0,0,0,0,0,0,0,0,0,0,0,0,0,0,0,0,0,0,0,0,0,0,0,0,0,0,0,0,0,373,"1,186","2,022","3,463",0,0,0,0,0,0,0,0,0,0,0,0,0,"1,186","2,376","3,537",0,0,0,0,0,0,0,0,"5,674","9,829",0,0,0,0,"7,730","9,605",0,0,0,0,0,0,0,0,0,0,0,0,0,0,0,0,0,0,0,0,0,0,0
Toxic Metals,0,0,0,0,0,0,0,0,0,0,0,0,0,0,0,0,0,0,0,0,0,0,0,0,0,0,0,0,0,0,0,0,0,0,0,0,0,0,0,0,"7,448","7,457","7,127","7,555","7,249","7,265","7,413",0,0,0,0,0,0,0,0,0,0,0,0,0,0,0,0,0,0,0,0,0,0,0,0,0,0,0,0,0,0,0,0,0,0,0,0,0,0,0,0,0,0,0,0,0,0,0,0,0,0,0,0,0,0,0,0,0,0,0,0,0,0,0,0,0,0,0,0,0,"20,934","20,973","20,686","19,754","20,196","19,739","19,630",0,0,0,0,0,0,0,0,0,0,0,0,0,0,0,0,0,0,0,0,0,0,0,0,0,0,0,0,0,0,0,0,0,0,0,0,0,0,0,0,0,0,0,0,0,0,"70,157","76,960","74,212","71,324","70,387","71,789","69,413",0,0,0,0,0,0,0,0,0,0,0,0,"1,145","1,512","1,922",73,"12,687","12,934","13,257","2,205","5,489","8,743",91,142,386,0,0,0,0,0,0,285,450,686,533,833,"1,239",0,0,0,0,0,0,0,0,0,0,0,0,0,0,0,0,0,0,0,0,0,0,0,0,0,0,0,0,0,0,0,0,0,0,0,0,0,0,0,0,0,0,0,0,0,0,0,0,0,0,0,0,0,0,0,0,0,0,0,0,0,0,0,0,0,0,0,0,0,0,0,0,0,0,0,0,0,0,0,0,0,0,0,0,0,0,0,0,0,0,0,0,0,0,0,0,0,0,0,0,0,0,0,0,0,0,0,0,0,0,0,0,0,0,0,0,0,0,0,0,0,0,0,0,0,0,0,0,0,0,0,0,0,0,0,0,0,0,0,0,0,0,0,0,0,0,0,0,0,0,0,0,0,0,0,0,0,0,0,0,0,0,0,0,0,0,0,0,0,0,0,0,0,0,0,0,0,0,0,0,0,0,0,0,0,0,0,0,0,0,0,0,0,0,0,0,0,0,0,0,0,0,0,0,0,0,0,0,0,0,0,0,0,0,0,0,0,0,0,0,0,0,0,0,0,0,0,0,0,0,0,0,0,0,0,0,0,0,0,0,0,0,0,76,235,586,"1,001",0,0,0,0,284,505,905,0,0,0,248,487,804,0,0,0,0,0,"1,365","2,215",0,0,"1,399","1,983",0,0,0,0,"1,924","2,975",0,0,0,0,0,0,0,0,0,0,0,0,0,0,0,0,0,0,0,0,0,0,0,0,0
Reactive Gas,0,0,0,0,0,0,0,0,0,0,0,0,0,0,0,0,0,0,0,0,0,0,0,0,0,0,0,0,0,0,0,0,0,0,0,0,0,0,0,0,0,0,0,0,0,0,0,0,0,0,0,0,0,0,0,0,0,0,0,0,0,0,0,0,0,0,0,0,0,0,0,0,0,0,0,0,0,0,0,0,0,0,0,0,0,0,0,0,0,0,0,0,0,0,0,0,0,0,0,0,0,0,0,0,0,0,0,0,0,0,0,0,0,0,0,0,0,0,0,0,0,0,0,0,0,0,0,0,0,0,0,0,0,0,0,0,0,0,0,0,0,0,0,0,0,0,0,0,0,0,0,0,0,0,0,0,0,0,0,0,0,0,0,0,0,0,0,0,0,0,0,0,0,0,0,0,0,0,0,0,0,0,0,0,0,0,0,0,0,0,0,0,0,0,0,0,0,0,0,0,0,0,0,0,0,0,0,0,0,0,0,0,0,0,0,0,0,0,0,0,0,0,0,0,0,0,0,0,0,0,0,0,0,0,0,0,0,0,0,0,0,0,0,0,0,0,0,0,0,0,0,0,0,0,0,0,0,0,0,0,0,0,0,0,0,0,0,0,0,0,0,0,0,0,0,0,0,0,0,0,0,0,0,0,0,0,0,0,0,0,0,0,0,0,0,0,0,0,0,0,0,0,0,0,0,0,0,0,0,0,0,0,0,0,0,0,0,0,0,0,0,0,0,0,0,0,0,0,0,0,0,0,0,0,0,0,0,0,0,0,0,0,0,0,0,0,0,0,0,0,0,0,0,0,0,0,0,0,0,0,0,0,0,0,0,0,0,0,0,0,0,0,0,0,0,0,0,0,0,0,0,0,0,0,0,0,0,0,0,0,0,0,0,0,0,0,0,0,0,0,0,0,0,0,0,0,0,0,0,0,0,0,0,0,0,0,0,0,0,0,0,0,0,0,0,0,0,0,0,0,0,0,0,0,0,0,0,0,0,0,0,0,0,0,0,0,0,0,0,0,0,0,0,0,0,0,0,0,0,0,0,0,0,0,0,0,0,0,0,0,0,0,0,0,0,0,0,0,0,0,0,0,0,0,0,0,0,0,0,0,0,0,0,"52,104","42,091","54,272",0,0,"77,672","274,992","25,057","25,931",0,0,"22,295",0,0,0,"32,054","28,118","25,178","23,583",0,0,0
Noble Gas,0,0,0,0,0,0,0,0,0,0,0,0,0,0,0,0,0,0,0,0,0,0,0,0,0,0,0,0,0,0,0,0,0,0,0,0,0,0,0,0,0,0,0,0,0,0,0,0,0,0,0,0,0,0,0,0,0,0,0,0,0,0,0,0,0,0,0,0,0,0,0,0,0,0,0,0,0,0,0,0,0,0,0,0,0,0,0,0,0,0,0,0,0,0,0,0,0,0,0,0,0,0,0,0,0,0,0,0,0,0,0,0,0,0,0,0,0,0,0,0,0,0,0,0,0,0,0,0,0,0,0,0,0,0,0,0,0,0,0,0,0,0,0,0,0,0,0,0,0,0,0,0,0,0,0,0,0,0,0,0,0,0,0,0,0,0,0,0,0,0,0,0,0,0,0,0,0,0,0,0,0,0,0,0,0,0,0,0,0,0,0,0,0,0,0,0,0,0,0,0,0,0,0,0,0,0,0,0,0,0,0,0,0,0,0,0,0,0,0,0,0,0,0,0,0,0,0,0,0,0,0,0,0,0,0,0,0,0,0,0,0,0,0,0,0,0,0,0,0,0,0,0,0,0,0,0,0,0,0,0,0,0,0,0,0,0,0,0,0,0,0,0,0,0,0,0,0,0,0,0,0,0,0,0,0,0,0,0,0,0,0,0,0,0,0,0,0,0,0,0,0,0,0,0,0,0,0,0,0,0,0,0,0,0,0,0,0,0,0,0,0,0,0,0,0,0,0,0,0,0,0,0,0,0,0,0,0,0,0,0,0,0,0,0,0,0,0,0,0,0,0,0,0,0,0,0,0,0,0,0,0,0,0,0,0,0,0,0,0,0,0,0,0,0,0,0,0,0,0,0,0,0,0,0,0,0,0,0,0,0,0,0,0,0,0,0,0,0,0,0,0,0,0,0,0,0,0,0,0,0,0,0,0,0,0,0,0,0,0,0,0,0,0,0,0,0,0,0,0,0,0,0,0,0,0,0,0,0,0,0,0,0,0,0,0,0,0,0,0,0,0,0,0,0,0,0,0,0,0,0,0,0,0,0,0,0,0,0,0,0,0,0,0,0,0,0,0,0,0,0,0,0,0,0,0,0,0,0,0,0,0,0,0,0,0,0,"63,237","57,865",0,0,0,0,"18,533","23,384",0,"26,353","19,466","24,256",0,0,0,0,"17,668","18,678","23,828"
Industrial Fibers,0,0,0,0,0,0,0,0,0,0,0,0,0,0,0,0,0,0,0,0,0,0,0,0,0,0,0,0,0,0,0,0,0,0,0,0,0,0,0,0,0,0,0,0,0,0,0,0,0,0,0,0,0,0,0,0,0,0,0,0,0,0,0,0,0,0,0,0,0,0,0,0,0,0,0,0,0,0,0,0,0,0,0,0,0,0,0,0,0,0,0,0,0,0,0,0,0,0,0,0,0,0,0,0,0,0,0,0,0,0,0,0,0,0,0,0,0,0,0,0,0,0,0,0,0,0,0,0,0,0,0,0,0,0,0,0,0,0,0,0,0,0,0,0,0,0,0,0,0,0,0,0,0,0,0,0,0,0,0,0,0,0,0,0,0,0,0,0,0,0,0,0,0,0,0,0,0,0,0,0,0,0,0,0,0,0,0,0,0,0,0,0,0,0,0,0,0,0,0,0,0,0,0,0,0,0,0,0,0,0,0,0,0,0,0,0,0,0,0,0,0,0,0,0,0,0,0,0,0,0,0,0,0,0,0,0,0,0,0,0,0,0,0,0,0,0,0,0,0,0,0,0,0,0,0,0,0,0,0,0,0,0,0,0,0,0,0,0,0,0,0,0,0,0,0,0,0,0,0,0,0,0,0,0,0,0,0,0,0,0,0,0,0,0,0,0,0,0,0,0,0,0,0,0,0,0,0,0,0,0,0,0,0,0,0,0,0,0,0,0,0,0,0,0,0,0,0,0,0,0,0,0,0,0,0,0,0,0,0,0,0,0,0,0,0,0,0,0,0,0,0,0,0,0,0,0,0,0,0,0,0,0,0,0,0,0,0,0,0,0,0,0,0,0,0,0,0,0,0,0,0,0,0,0,0,0,0,0,0,0,0,0,0,0,0,0,0,0,0,0,0,0,0,0,0,0,0,0,0,0,0,0,0,0,0,0,0,0,0,0,0,0,0,0,0,0,0,0,0,0,0,0,0,0,0,0,0,0,0,0,0,0,0,0,0,0,0,0,0,0,0,0,0,0,0,0,0,0,0,0,0,0,0,0,0,0,0,0,0,0,0,0,0,0,0,0,0,0,0,0,0,0,0,0,0,0,0,0,0,0,0,0,0,0,0,0,"21,849",0,0,0,"7,494",0,0,"6,677","6,718",0,0,"6,087",0,0,"4,994",0,0,0,0
Supertensile Plastics,0,0,0,0,0,0,0,0,0,0,0,0,0,0,0,0,0,0,0,0,0,0,0,0,0,0,0,0,0,0,0,0,0,0,0,0,0,0,0,0,0,0,0,0,0,0,0,0,0,0,0,0,0,0,0,0,0,0,0,0,0,0,0,0,0,0,0,0,0,0,0,0,0,0,0,0,0,0,0,0,0,0,0,0,0,0,0,0,0,0,0,0,0,0,0,0,0,0,0,0,0,0,0,0,0,0,0,0,0,0,0,0,0,0,0,0,0,0,0,0,0,0,0,0,0,0,0,0,0,0,0,0,0,0,0,0,0,0,0,0,0,0,0,0,0,0,0,0,0,0,0,0,0,0,0,0,0,0,0,0,0,0,0,0,0,0,0,0,0,0,0,0,0,0,0,0,0,0,0,0,0,0,0,0,0,0,0,0,0,0,0,0,0,0,0,0,0,0,0,0,0,0,0,0,0,0,0,0,0,0,0,0,0,0,0,0,0,0,0,0,0,0,0,0,0,0,0,0,0,0,0,0,0,0,0,0,0,0,0,0,0,0,0,0,0,0,0,0,0,0,0,0,0,0,0,0,0,0,0,0,0,0,0,0,0,0,0,0,0,0,0,0,0,0,0,0,0,0,0,0,0,0,0,0,0,0,0,0,0,0,0,0,0,0,0,0,0,0,0,0,0,0,0,0,0,0,0,0,0,0,0,0,0,0,0,0,0,0,0,0,0,0,0,0,0,0,0,0,0,0,0,0,0,0,0,0,0,0,0,0,0,0,0,0,0,0,0,0,0,0,0,0,0,0,0,0,0,0,0,0,0,0,0,0,0,0,0,0,0,0,0,0,0,0,0,0,0,0,0,0,0,0,0,0,0,0,0,0,0,0,0,0,0,0,0,0,0,0,0,0,0,0,0,0,0,0,0,0,0,0,0,0,0,0,0,0,0,0,0,0,0,0,0,0,0,0,0,0,0,0,0,0,0,0,0,0,0,0,0,0,0,0,0,0,0,0,0,0,0,0,0,0,0,0,0,0,0,0,0,0,0,0,0,0,0,0,0,0,0,0,0,0,0,0,0,0,0,0,0,0,0,0,0,0,0,0,0,0,0,0,0,0,0,"31,168","29,483","21,009",0,0,"45,651","120,551",0,0,"15,027",0,0,"13,935","11,768",0,0,"12,305",0,0,0,0,"17,012"
Polyaramids,0,0,0,0,0,0,0,0,0,0,0,0,0,0,0,0,0,0,0,0,0,0,0,0,0,0,0,0,0,0,0,0,0,0,0,0,0,0,0,0,0,0,0,0,0,0,0,0,0,0,0,0,0,0,0,0,0,0,0,0,0,0,0,0,0,0,0,0,0,0,0,0,0,0,0,0,0,0,0,0,0,0,0,0,0,0,0,0,0,0,0,0,0,0,0,0,0,0,0,0,0,0,0,0,0,0,0,0,0,0,0,0,0,0,0,0,0,0,0,0,0,0,0,0,0,0,0,0,0,0,0,0,0,0,0,0,0,0,0,0,0,0,0,0,0,0,0,0,0,0,0,0,0,0,0,0,0,0,0,0,0,0,0,0,0,0,0,0,0,0,0,0,0,0,0,0,0,0,0,0,0,0,0,0,0,0,0,0,0,0,0,0,0,0,0,0,0,0,0,0,0,0,0,0,0,0,0,0,0,0,0,0,0,0,0,0,0,0,0,0,0,0,0,0,0,0,0,0,0,0,0,0,0,0,0,0,0,0,0,0,0,0,0,0,0,0,0,0,0,0,0,0,0,0,0,0,0,0,0,0,0,0,0,0,0,0,0,0,0,0,0,0,0,0,0,0,0,0,0,0,0,0,0,0,0,0,0,0,0,0,0,0,0,0,0,0,0,0,0,0,0,0,0,0,0,0,0,0,0,0,0,0,0,0,0,0,0,0,0,0,0,0,0,0,0,0,0,0,0,0,0,0,0,0,0,0,0,0,0,0,0,0,0,0,0,0,0,0,0,0,0,0,0,0,0,0,0,0,0,0,0,0,0,0,0,0,0,0,0,0,0,0,0,0,0,0,0,0,0,0,0,0,0,0,0,0,0,0,0,0,0,0,0,0,0,0,0,0,0,0,0,0,0,0,0,0,0,0,0,0,0,0,0,0,0,0,0,0,0,0,0,0,0,0,0,0,0,0,0,0,0,0,0,0,0,0,0,0,0,0,0,0,0,0,0,0,0,0,0,0,0,0,0,0,0,0,0,0,0,0,0,0,0,0,0,0,0,0,0,0,0,0,0,0,0,0,0,0,0,0,0,0,0,0,0,0,0,0,0,0,0,0,0,0,0,0,0,"47,473",0,0,0,"16,787",0,0,0,0,0,0,"12,739",0,0,"14,191","18,583","13,589",0
Coolant,0,0,0,0,0,0,0,0,0,0,0,0,0,0,0,0,0,0,0,0,0,0,0,0,0,0,0,0,0,0,0,0,0,0,0,0,0,0,0,0,0,0,0,0,0,0,0,0,0,0,0,0,0,0,0,0,0,0,0,0,0,0,0,0,0,0,0,0,0,0,0,0,0,0,0,0,0,0,0,0,0,0,0,0,0,0,0,0,0,0,0,0,0,0,0,0,0,0,0,0,0,0,0,0,0,0,0,0,0,0,0,0,0,0,0,0,0,0,0,0,0,0,0,0,0,0,0,0,0,0,0,0,0,0,0,0,0,0,0,0,0,0,0,0,0,0,0,0,0,0,0,0,0,0,0,0,0,0,0,0,0,0,0,0,0,0,0,0,0,0,0,0,0,0,0,0,0,0,0,0,0,0,0,0,0,0,0,0,0,0,0,0,0,0,0,0,0,0,0,0,0,0,0,0,0,0,0,0,0,0,0,0,0,0,0,0,0,0,0,0,0,0,0,0,0,0,0,0,0,0,0,0,0,0,0,0,0,0,0,0,0,0,0,0,0,0,0,0,0,0,0,0,0,0,0,0,0,0,0,0,0,0,0,0,0,0,0,0,0,0,0,0,0,0,0,0,0,0,0,0,0,0,0,0,0,0,0,0,0,0,0,0,0,0,0,0,0,0,0,0,0,0,0,0,0,0,0,0,0,0,0,0,0,0,0,0,0,0,0,0,0,0,0,0,0,0,0,0,0,0,0,0,0,0,0,0,0,0,0,0,0,0,0,0,0,0,0,0,0,0,0,0,0,0,0,0,0,0,0,0,0,0,0,0,0,0,0,0,0,0,0,0,0,0,0,0,0,0,0,0,0,0,0,0,0,0,0,0,0,0,0,0,0,0,0,0,0,0,0,0,0,0,0,0,0,0,0,0,0,0,0,0,0,0,0,0,0,0,0,0,0,0,0,0,0,0,0,0,0,0,0,0,0,0,0,0,0,0,0,0,0,0,0,0,0,0,0,0,0,0,0,0,0,0,0,0,0,0,0,0,0,0,0,0,0,0,0,0,0,0,0,0,0,0,0,0,0,0,0,0,0,0,0,0,0,0,0,0,0,0,0,0,0,"24,713","24,806","31,339",0,"50,056",0,0,"14,894","15,066","17,212",0,"16,377",0,0,"17,566",0,0,0,"18,426",0,0,"14,292"
Condensates,0,0,0,0,0,0,0,0,0,0,0,0,0,0,0,0,0,0,0,0,0,0,0,0,0,0,0,0,0,0,0,0,0,0,0,0,0,0,0,0,0,0,0,0,0,0,0,0,0,0,0,0,0,0,0,0,0,0,0,0,0,0,0,0,0,0,0,0,0,0,0,0,0,0,0,0,0,0,0,0,0,0,0,0,0,0,0,0,0,0,0,0,0,0,0,0,0,0,0,0,0,0,0,0,0,0,0,0,0,0,0,0,0,0,0,0,0,0,0,0,0,0,0,0,0,0,0,0,0,0,0,0,0,0,0,0,0,0,0,0,0,0,0,0,0,0,0,0,0,0,0,0,0,0,0,0,0,0,0,0,0,0,0,0,0,0,0,0,0,0,0,0,0,0,0,0,0,0,0,0,0,0,0,0,0,0,0,0,0,0,0,0,0,0,0,0,0,0,0,0,0,0,0,0,0,0,0,0,0,0,0,0,0,0,0,0,0,0,0,0,0,0,0,0,0,0,0,0,0,0,0,0,0,0,0,0,0,0,0,0,0,0,0,0,0,0,0,0,0,0,0,0,0,0,0,0,0,0,0,0,0,0,0,0,0,0,0,0,0,0,0,0,0,0,0,0,0,0,0,0,0,0,0,0,0,0,0,0,0,0,0,0,0,0,0,0,0,0,0,0,0,0,0,0,0,0,0,0,0,0,0,0,0,0,0,0,0,0,0,0,0,0,0,0,0,0,0,0,0,0,0,0,0,0,0,0,0,0,0,0,0,0,0,0,0,0,0,0,0,0,0,0,0,0,0,0,0,0,0,0,0,0,0,0,0,0,0,0,0,0,0,0,0,0,0,0,0,0,0,0,0,0,0,0,0,0,0,0,0,0,0,0,0,0,0,0,0,0,0,0,0,0,0,0,0,0,0,0,0,0,0,0,0,0,0,0,0,0,0,0,0,0,0,0,0,0,0,0,0,0,0,0,0,0,0,0,0,0,0,0,0,0,0,0,0,0,0,0,0,0,0,0,0,0,0,0,0,0,0,0,0,0,0,0,0,0,0,0,0,0,0,0,0,0,0,0,0,0,0,0,0,0,0,0,0,0,0,0,0,0,0,0,0,0,0,0,"52,003",0,"43,126","136,350",0,0,0,"16,095",0,"12,105","14,086",0,"14,912","14,329","15,760",0,"15,900","18,292",0
Construction Blocks,0,0,0,0,0,0,0,0,0,0,0,0,0,0,0,0,0,0,0,0,0,0,0,0,0,0,0,0,0,0,0,0,0,0,0,0,0,0,0,0,0,0,0,0,0,0,0,0,0,0,0,0,0,0,0,0,0,0,0,0,0,0,0,0,0,0,0,0,0,0,0,0,0,0,0,0,0,0,0,0,0,0,0,0,0,0,0,0,0,0,0,0,0,0,0,0,0,0,0,0,0,0,0,0,0,0,0,0,0,0,0,0,0,0,0,0,0,0,0,0,0,0,0,0,0,0,0,0,0,0,0,0,0,0,0,0,0,0,0,0,0,0,0,0,0,0,0,0,0,0,0,0,0,0,0,0,0,0,0,0,0,0,0,0,0,0,0,0,0,0,0,0,0,0,0,0,0,0,0,0,0,0,0,0,0,0,0,0,0,0,0,0,0,0,0,0,0,0,0,0,0,0,0,0,0,0,0,0,0,0,0,0,0,0,0,0,0,0,0,0,0,0,0,0,0,0,0,0,0,0,0,0,0,0,0,0,0,0,0,0,0,0,0,0,0,0,0,0,0,0,0,0,0,0,0,0,0,0,0,0,0,0,0,0,0,0,0,0,0,0,0,0,0,0,0,0,0,0,0,0,0,0,0,0,0,0,0,0,0,0,0,0,0,0,0,0,0,0,0,0,0,0,0,0,0,0,0,0,0,0,0,0,0,0,0,0,0,0,0,0,0,0,0,0,0,0,0,0,0,0,0,0,0,0,0,0,0,0,0,0,0,0,0,0,0,0,0,0,0,0,0,0,0,0,0,0,0,0,0,0,0,0,0,0,0,0,0,0,0,0,0,0,0,0,0,0,0,0,0,0,0,0,0,0,0,0,0,0,0,0,0,0,0,0,0,0,0,0,0,0,0,0,0,0,0,0,0,0,0,0,0,0,0,0,0,0,0,0,0,0,0,0,0,0,0,0,0,0,0,0,0,0,0,0,0,0,0,0,0,0,0,0,0,0,0,0,0,0,0,0,0,0,0,0,0,0,0,0,0,0,0,0,0,0,0,0,0,0,0,0,0,0,0,0,0,0,0,0,0,0,0,0,0,0,0,0,0,0,0,0,0,0,0,0,0,0,"51,611",0,"46,720","228,392","19,992","17,841",0,"17,298","20,185",0,0,"20,100","23,652","20,514",0,0,0,0,"21,243"
Nanites,0,0,0,0,0,0,0,0,0,0,0,0,0,0,0,0,0,0,0,0,0,0,0,0,0,0,0,0,0,0,0,0,0,0,0,0,0,0,0,0,0,0,0,0,0,0,0,0,0,0,0,0,0,0,0,0,0,0,0,0,0,0,0,0,0,0,0,0,0,0,0,0,0,0,0,0,0,0,0,0,0,0,0,0,0,0,0,0,0,0,0,0,0,0,0,0,0,0,0,0,0,0,0,0,0,0,0,0,0,0,0,0,0,0,0,0,0,0,0,0,0,0,0,0,0,0,0,0,0,0,0,0,0,0,0,0,0,0,0,0,0,0,0,0,0,0,0,0,0,0,0,0,0,0,0,0,0,0,0,0,0,0,0,0,0,0,0,0,0,0,0,0,0,0,0,0,0,0,0,0,0,0,0,0,0,0,0,0,0,0,0,0,0,0,0,0,0,0,0,0,0,0,0,0,0,0,0,0,0,0,0,0,0,0,0,0,0,0,0,0,0,0,0,0,0,0,0,0,0,0,0,0,0,0,0,0,0,0,0,0,0,0,0,0,0,0,0,0,0,0,0,0,0,0,0,0,0,0,0,0,0,0,0,0,0,0,0,0,0,0,0,0,0,0,0,0,0,0,0,0,0,0,0,0,0,0,0,0,0,0,0,0,0,0,0,0,0,0,0,0,0,0,0,0,0,0,0,0,0,0,0,0,0,0,0,0,0,0,0,0,0,0,0,0,0,0,0,0,0,0,0,0,0,0,0,0,0,0,0,0,0,0,0,0,0,0,0,0,0,0,0,0,0,0,0,0,0,0,0,0,0,0,0,0,0,0,0,0,0,0,0,0,0,0,0,0,0,0,0,0,0,0,0,0,0,0,0,0,0,0,0,0,0,0,0,0,0,0,0,0,0,0,0,0,0,0,0,0,0,0,0,0,0,0,0,0,0,0,0,0,0,0,0,0,0,0,0,0,0,0,0,0,0,0,0,0,0,0,0,0,0,0,0,0,0,0,0,0,0,0,0,0,0,0,0,0,0,0,0,0,0,0,0,0,0,0,0,0,0,0,0,0,0,0,0,0,0,0,0,0,0,0,0,0,0,0,0,0,0,0,0,0,0,0,0,0,"17,743",0,0,0,0,0,"6,529",0,"6,110",0,"6,700","5,417",0,"6,784","6,710",0,0,"7,060",0
Silicate Glass,0,0,0,0,0,0,0,0,0,0,0,0,0,0,0,0,0,0,0,0,0,0,0,0,0,0,0,0,0,0,0,0,0,0,0,0,0,0,0,0,0,0,0,0,0,0,0,0,0,0,0,0,0,0,0,0,0,0,0,0,0,0,0,0,0,0,0,0,0,0,0,0,0,0,0,0,0,0,0,0,0,0,0,0,0,0,0,0,0,0,0,0,0,0,0,0,0,0,0,0,0,0,0,0,0,0,0,0,0,0,0,0,0,0,0,0,0,0,0,0,0,0,0,0,0,0,0,0,0,0,0,0,0,0,0,0,0,0,0,0,0,0,0,0,0,0,0,0,0,0,0,0,0,0,0,0,0,0,0,0,0,0,0,0,0,0,0,0,0,0,0,0,0,0,0,0,0,0,0,0,0,0,0,0,0,0,0,0,0,0,0,0,0,0,0,0,0,0,0,0,0,0,0,0,0,0,0,0,0,0,0,0,0,0,0,0,0,0,0,0,0,0,0,0,0,0,0,0,0,0,0,0,0,0,0,0,0,0,0,0,0,0,0,0,0,0,0,0,0,0,0,0,0,0,0,0,0,0,0,0,0,0,0,0,0,0,0,0,0,0,0,0,0,0,0,0,0,0,0,0,0,0,0,0,0,0,0,0,0,0,0,0,0,0,0,0,0,0,0,0,0,0,0,0,0,0,0,0,0,0,0,0,0,0,0,0,0,0,0,0,0,0,0,0,0,0,0,0,0,0,0,0,0,0,0,0,0,0,0,0,0,0,0,0,0,0,0,0,0,0,0,0,0,0,0,0,0,0,0,0,0,0,0,0,0,0,0,0,0,0,0,0,0,0,0,0,0,0,0,0,0,0,0,0,0,0,0,0,0,0,0,0,0,0,0,0,0,0,0,0,0,0,0,0,0,0,0,0,0,0,0,0,0,0,0,0,0,0,0,0,0,0,0,0,0,0,0,0,0,0,0,0,0,0,0,0,0,0,0,0,0,0,0,0,0,0,0,0,0,0,0,0,0,0,0,0,0,0,0,0,0,0,0,0,0,0,0,0,0,0,0,0,0,0,0,0,0,0,0,0,0,0,0,0,0,0,0,0,0,0,0,0,0,"18,751","17,248","18,174",0,"34,883","37,850","84,213","10,052","11,406",0,"12,939",0,"10,355",0,0,"9,308",0,0,"10,302","11,733",0,"9,281"
Smartfab Units,0,0,0,0,0,0,0,0,0,0,0,0,0,0,0,0,0,0,0,0,0,0,0,0,0,0,0,0,0,0,0,0,0,0,0,0,0,0,0,0,0,0,0,0,0,0,0,0,0,0,0,0,0,0,0,0,0,0,0,0,0,0,0,0,0,0,0,0,0,0,0,0,0,0,0,0,0,0,0,0,0,0,0,0,0,0,0,0,0,0,0,0,0,0,0,0,0,0,0,0,0,0,0,0,0,0,0,0,0,0,0,0,0,0,0,0,0,0,0,0,0,0,0,0,0,0,0,0,0,0,0,0,0,0,0,0,0,0,0,0,0,0,0,0,0,0,0,0,0,0,0,0,0,0,0,0,0,0,0,0,0,0,0,0,0,0,0,0,0,0,0,0,0,0,0,0,0,0,0,0,0,0,0,0,0,0,0,0,0,0,0,0,0,0,0,0,0,0,0,0,0,0,0,0,0,0,0,0,0,0,0,0,0,0,0,0,0,0,0,0,0,0,0,0,0,0,0,0,0,0,0,0,0,0,0,0,0,0,0,0,0,0,0,0,0,0,0,0,0,0,0,0,0,0,0,0,0,0,0,0,0,0,0,0,0,0,0,0,0,0,0,0,0,0,0,0,0,0,0,0,0,0,0,0,0,0,0,0,0,0,0,0,0,0,0,0,0,0,0,0,0,0,0,0,0,0,0,0,0,0,0,0,0,0,0,0,0,0,0,0,0,0,0,0,0,0,0,0,0,0,0,0,0,0,0,0,0,0,0,0,0,0,0,0,0,0,0,0,0,0,0,0,0,0,0,0,0,0,0,0,0,0,0,0,0,0,0,0,0,0,0,0,0,0,0,0,0,0,0,0,0,0,0,0,0,0,0,0,0,0,0,0,0,0,0,0,0,0,0,0,0,0,0,0,0,0,0,0,0,0,0,0,0,0,0,0,0,0,0,0,0,0,0,0,0,0,0,0,0,0,0,0,0,0,0,0,0,0,0,0,0,0,0,0,0,0,0,0,0,0,0,0,0,0,0,0,0,0,0,0,0,0,0,0,0,0,0,0,0,0,0,0,0,0,0,0,0,0,0,0,0,0,0,0,0,0,0,0,0,0,0,0,0,"28,203","39,104","30,811",0,"49,448",0,0,0,0,"14,664",0,0,"19,442","21,596",0,0,0,"17,801","15,798","16,095","16,084",0
Charred Micro Circuit,0,0,0,0,0,0,0,0,0,0,0,0,0,0,0,0,0,0,0,0,0,0,0,0,0,0,0,0,0,0,0,0,0,0,0,0,0,0,0,0,0,0,0,0,0,0,0,0,0,0,0,0,0,0,0,0,0,0,0,0,0,0,0,0,0,0,0,0,0,0,0,0,0,0,0,0,0,0,0,0,0,0,0,0,0,0,0,0,0,0,0,0,0,0,0,0,0,0,0,0,0,0,0,0,0,0,0,0,0,0,0,0,0,0,0,0,0,0,0,0,0,0,0,0,0,0,0,0,0,0,0,0,0,0,0,0,0,0,0,0,0,0,0,0,0,0,0,0,0,0,0,0,0,0,0,0,0,0,0,0,0,0,0,0,0,0,0,0,0,0,0,0,0,0,0,0,0,0,0,0,0,0,0,0,0,0,0,0,0,0,0,0,0,0,0,0,0,0,0,0,0,0,0,0,0,0,0,0,0,0,0,0,0,0,0,0,0,0,0,0,0,0,0,0,0,0,0,0,0,0,0,0,0,0,0,0,0,0,0,0,0,0,0,0,0,0,0,95,0,0,68,0,0,33,0,0,88,0,0,28,0,0,0,0,0,0,0,0,0,0,0,0,0,0,0,0,0,95,0,0,68,0,0,88,0,0,28,0,0,0,0,0,0,0,0,0,0,0,0,0,0,0,0,0,57,0,0,98,0,0,56,0,0,38,0,0,37,0,0,94,0,0,31,0,0,62,0,0,57,0,0,96,0,0,62,0,0,62,0,0,62,0,0,62,0,0,0,0,0,0,0,0,0,0,0,0,0,0,0,0,0,0,0,0,0,0,0,0,0,0,30,0,0,98,0,0,68,0,0,68,0,0,82,0,0,77,0,0,95,0,0,0,0,0,0,0,0,0,0,0,0,0,0,45,0,0,26,0,0,0,0,0,0,0,0,0,0,0,0,0,0,150,0,0,86,0,0,86,0,0,86,0,0,86,0,0,82,0,0,58,0,0,86,0,0,86,0,0,0,0,0,0,0,0,0,0,0,0,0,0,0,0,0,0,0,0,0,0,0,0,0,0,0,0,0,0,0,0,0,0,0,0,0,0,0,0,0,0,0,0,0,0,0,0,0,0,0,0,0,0,0,0,0,0,0,0,0,0,0,0,0,0,0,0,0
Fried Interface Circuit,0,0,0,0,0,0,0,0,0,0,0,0,0,0,0,0,0,0,0,0,0,0,0,0,0,0,0,0,0,0,0,0,0,0,0,0,0,0,0,0,0,0,0,0,0,0,0,0,0,0,0,0,0,0,0,0,0,0,0,0,0,0,0,0,0,0,0,0,0,0,0,0,0,0,0,0,0,0,0,0,0,0,0,0,0,0,0,0,0,0,0,0,0,0,0,0,0,0,0,0,0,0,0,0,0,0,0,0,0,0,0,0,0,0,0,0,0,0,0,0,0,0,0,0,0,0,0,0,0,0,0,0,0,0,0,0,0,0,0,0,0,0,0,0,0,0,0,0,0,0,0,0,0,0,0,0,0,0,0,0,0,0,0,0,0,0,0,0,0,0,0,0,0,0,0,0,0,0,0,0,0,0,0,0,0,0,0,0,0,0,0,0,0,0,0,0,0,0,0,0,0,0,0,0,0,0,0,0,0,0,0,0,0,0,0,0,0,0,0,0,0,0,0,0,0,0,0,0,0,0,0,0,0,0,0,0,0,0,0,0,0,0,0,0,0,0,0,0,158,0,0,113,0,0,54,0,0,146,0,0,47,0,0,0,0,0,0,0,0,0,0,0,0,0,0,0,0,0,158,0,0,113,0,0,146,0,0,47,0,0,0,0,0,0,0,0,0,0,0,0,0,0,0,0,0,95,0,0,163,0,0,93,0,0,64,0,0,62,0,0,156,0,0,52,0,0,103,0,0,94,0,0,160,0,0,102,0,0,102,0,0,102,0,0,102,0,0,0,0,0,0,0,0,0,0,0,0,0,0,0,0,0,0,0,0,0,0,0,0,0,0,49,0,0,163,0,0,113,0,0,113,0,0,137,0,0,129,0,0,158,0,0,0,0,0,0,0,0,0,0,0,0,0,0,75,0,0,42,0,0,0,0,0,0,0,0,0,0,0,0,0,0,250,0,0,143,0,0,143,0,0,143,0,0,143,0,0,137,0,0,97,0,0,142,0,0,142,0,0,0,0,0,0,0,0,0,0,0,0,0,0,0,0,0,0,0,0,0,0,0,0,0,0,0,0,0,0,0,0,0,0,0,0,0,0,0,0,0,0,0,0,0,0,0,0,0,0,0,0,0,0,0,0,0,0,0,0,0,0,0,0,0,0,0,0
Tripped Power Circuit,0,0,0,0,0,0,0,0,0,0,0,0,0,0,0,0,0,0,0,0,0,0,0,0,0,0,0,0,0,0,0,0,0,0,0,0,0,0,0,0,0,0,0,0,0,0,0,0,0,0,0,0,0,0,0,0,0,0,0,0,0,0,0,0,0,0,0,0,0,0,0,0,0,0,0,0,0,0,0,0,0,0,0,0,0,0,0,0,0,0,0,0,0,0,0,0,0,0,0,0,0,0,0,0,0,0,0,0,0,0,0,0,0,0,0,0,0,0,0,0,0,0,0,0,0,0,0,0,0,0,0,0,0,0,0,0,0,0,0,0,0,0,0,0,0,0,0,0,0,0,0,0,0,0,0,0,0,0,0,0,0,0,0,0,0,0,0,0,0,0,0,0,0,0,0,0,0,0,0,0,0,0,0,0,0,0,0,0,0,0,0,0,0,0,0,0,0,0,0,0,0,0,0,0,0,0,0,0,0,0,0,0,0,0,0,0,0,0,0,0,0,0,0,0,0,0,0,0,0,0,0,0,0,0,0,0,0,0,0,0,0,0,0,0,0,0,0,0,0,296,0,0,211,0,0,101,0,0,273,0,0,87,0,0,0,0,0,0,0,0,0,0,0,0,0,0,0,0,0,296,0,0,211,0,0,273,0,0,87,0,0,0,0,0,0,0,0,0,0,0,0,0,0,0,0,0,178,0,0,305,0,0,174,0,0,119,0,0,116,0,0,292,0,0,97,0,0,193,0,0,176,0,0,300,0,0,192,0,0,192,0,0,192,0,0,192,0,0,0,0,0,0,0,0,0,0,0,0,0,0,0,0,0,0,0,0,0,0,0,0,0,0,91,0,0,305,0,0,212,0,0,211,0,0,257,0,0,241,0,0,295,0,0,0,0,0,0,0,0,0,0,0,0,0,0,141,0,0,79,0,0,0,0,0,0,0,0,0,0,0,0,0,0,469,0,0,268,0,0,268,0,0,268,0,0,268,0,0,256,0,0,181,0,0,266,0,0,266,0,0,0,0,0,0,0,0,0,0,0,0,0,0,0,0,0,0,0,0,0,0,0,0,0,0,0,0,0,0,0,0,0,0,0,0,0,0,0,0,0,0,0,0,0,0,0,0,0,0,0,0,0,0,0,0,0,0,0,0,0,0,0,0,0,0,0
Smashed Trigger Unit,0,0,0,0,0,0,0,0,0,0,0,0,0,0,0,0,0,0,0,0,0,0,0,0,0,0,0,0,0,0,0,0,0,0,0,0,0,0,0,0,0,0,0,0,0,0,0,0,0,0,0,0,0,0,0,0,0,0,0,0,0,0,0,0,0,0,0,0,0,0,0,0,0,0,0,0,0,0,0,0,0,0,0,0,0,0,0,0,0,0,0,0,0,0,0,0,0,0,0,0,0,0,0,0,0,0,0,0,0,0,0,0,0,0,0,0,0,0,0,0,0,0,0,0,0,0,0,0,0,0,0,0,0,0,0,0,0,0,0,0,0,0,0,0,0,0,0,0,0,0,0,0,0,0,0,0,0,0,0,0,0,0,0,0,0,0,0,0,0,0,0,0,0,0,0,0,0,0,0,0,0,0,0,0,0,0,0,0,0,0,0,0,0,0,0,0,0,0,0,0,0,0,0,0,0,0,0,0,0,0,0,0,0,0,0,0,0,0,0,0,0,0,0,0,0,0,0,0,0,0,0,0,0,0,0,0,0,0,0,0,0,0,0,0,0,0,0,0,0,0,0,0,0,0,0,0,0,0,0,0,0,0,48,0,0,34,0,0,17,0,0,44,0,0,14,0,0,0,0,0,0,0,0,0,0,0,0,0,0,48,0,0,34,0,0,17,0,0,44,0,0,14,0,0,35,0,0,27,0,0,39,0,0,29,0,0,27,0,0,28,0,0,0,0,0,0,0,0,0,0,0,0,0,0,0,0,0,0,0,0,0,0,0,0,0,0,16,0,0,31,0,0,29,0,0,48,0,0,31,0,0,31,0,0,31,0,0,31,0,0,0,0,0,0,0,0,0,0,0,0,0,0,0,0,0,0,0,0,0,0,0,43,0,0,40,0,0,20,0,0,15,0,0,0,0,0,0,0,0,47,0,0,30,0,0,18,0,0,25,0,0,0,0,0,0,0,0,0,0,0,0,0,0,0,0,0,23,0,0,28,0,0,25,0,0,25,0,0,0,0,0,0,0,0,0,0,0,0,0,0,0,0,0,0,0,0,0,0,0,0,0,0,0,0,0,0,0,0,0,0,0,0,0,0,0,0,0,0,0,0,0,0,0,0,0,0,0,0,0,0,0,0,0,0,0,0,0,0,0,0,0,0,0,0,0
Damaged Close-in Weapon System,0,0,0,0,0,0,0,0,0,0,0,0,0,0,0,0,0,0,0,0,0,0,0,0,0,0,0,0,0,0,0,0,0,0,0,0,0,0,0,0,0,0,0,0,0,0,0,0,0,0,0,0,0,0,0,0,0,0,0,0,0,0,0,0,0,0,0,0,0,0,0,0,0,0,0,0,0,0,0,0,0,0,0,0,0,0,0,0,0,0,0,0,0,0,0,0,0,0,0,0,0,0,0,0,0,0,0,0,0,0,0,0,0,0,0,0,0,0,0,0,0,0,0,0,0,0,0,0,0,0,0,0,0,0,0,0,0,0,0,0,0,0,0,0,0,0,0,0,0,0,0,0,0,0,0,0,0,0,0,0,0,0,0,0,0,0,0,0,0,0,0,0,0,0,0,0,0,0,0,0,0,0,0,0,0,0,0,0,0,0,0,0,0,0,0,0,0,0,0,0,0,0,0,0,0,0,0,0,0,0,0,0,0,0,0,0,0,0,0,0,0,0,0,0,0,0,0,0,0,0,0,0,0,0,0,0,0,0,0,0,0,0,0,0,0,0,0,0,0,0,0,0,0,0,0,0,0,0,0,0,0,0,0,79,0,0,57,0,0,27,0,0,73,0,0,24,0,0,0,0,0,0,0,0,0,0,0,0,0,0,79,0,0,57,0,0,27,0,0,73,0,0,24,0,0,58,0,0,44,0,0,64,0,0,48,0,0,45,0,0,46,0,0,0,0,0,0,0,0,0,0,0,0,0,0,0,0,0,0,0,0,0,0,0,0,0,0,26,0,0,52,0,0,47,0,0,80,0,0,51,0,0,51,0,0,51,0,0,51,0,0,0,0,0,0,0,0,0,0,0,0,0,0,0,0,0,0,0,0,0,0,0,71,0,0,66,0,0,34,0,0,25,0,0,0,0,0,0,0,0,78,0,0,50,0,0,30,0,0,42,0,0,0,0,0,0,0,0,0,0,0,0,0,0,0,0,0,37,0,0,47,0,0,42,0,0,42,0,0,0,0,0,0,0,0,0,0,0,0,0,0,0,0,0,0,0,0,0,0,0,0,0,0,0,0,0,0,0,0,0,0,0,0,0,0,0,0,0,0,0,0,0,0,0,0,0,0,0,0,0,0,0,0,0,0,0,0,0,0,0,0,0,0,0,0
Scorched Telemetry Processor,0,0,0,0,0,0,0,0,0,0,0,0,0,0,0,0,0,0,0,0,0,0,0,0,0,0,0,0,0,0,0,0,0,0,0,0,0,0,0,0,0,0,0,0,0,0,0,0,0,0,0,0,0,0,0,0,0,0,0,0,0,0,0,0,0,0,0,0,0,0,0,0,0,0,0,0,0,0,0,0,0,0,0,0,0,0,0,0,0,0,0,0,0,0,0,0,0,0,0,0,0,0,0,0,0,0,0,0,0,0,0,0,0,0,0,0,0,0,0,0,0,0,0,0,0,0,0,0,0,0,0,0,0,0,0,0,0,0,0,0,0,0,0,0,0,0,0,0,0,0,0,0,0,0,0,0,0,0,0,0,0,0,0,0,0,0,0,0,0,0,0,0,0,0,0,0,0,0,0,0,0,0,0,0,0,0,0,0,0,0,0,0,0,0,0,0,0,0,0,0,0,0,0,0,0,0,0,0,0,0,0,0,0,0,0,0,0,0,0,0,0,0,0,0,0,0,0,0,0,0,0,0,0,0,0,0,0,0,0,0,0,0,0,0,0,0,0,0,0,0,0,0,0,0,0,0,0,0,0,0,0,0,0,0,148,0,0,106,0,0,51,0,0,137,0,0,44,0,0,0,0,0,0,0,0,0,0,0,0,0,0,148,0,0,106,0,0,51,0,0,137,0,0,44,0,0,109,0,0,83,0,0,120,0,0,90,0,0,83,0,0,86,0,0,0,0,0,0,0,0,0,0,0,0,0,0,0,0,0,0,0,0,0,0,0,0,0,0,49,0,0,97,0,0,88,0,0,150,0,0,96,0,0,96,0,0,96,0,0,96,0,0,0,0,0,0,0,0,0,0,0,0,0,0,0,0,0,0,0,0,0,0,0,133,0,0,123,0,0,63,0,0,47,0,0,0,0,0,0,0,0,146,0,0,93,0,0,55,0,0,78,0,0,0,0,0,0,0,0,0,0,0,0,0,0,0,0,0,69,0,0,87,0,0,79,0,0,79,0,0,0,0,0,0,0,0,0,0,0,0,0,0,0,0,0,0,0,0,0,0,0,0,0,0,0,0,0,0,0,0,0,0,0,0,0,0,0,0,0,0,0,0,0,0,0,0,0,0,0,0,0,0,0,0,0,0,0,0,0,0,0,0,0,0,0
Contaminated Lorentz Fluid,0,0,0,0,0,0,0,0,0,0,0,0,0,0,0,0,0,0,0,0,0,0,0,0,0,0,0,0,0,0,0,0,0,0,0,0,0,0,0,0,0,0,0,0,0,0,0,0,0,0,0,0,0,0,0,0,0,0,0,0,0,0,0,0,0,0,0,0,0,0,0,0,0,0,0,0,0,0,0,0,0,0,0,0,0,0,0,0,0,0,0,0,0,0,0,0,0,0,0,0,0,0,0,0,0,0,0,0,0,0,0,0,0,0,0,0,0,0,0,0,0,0,0,0,0,0,0,0,0,0,0,0,0,0,0,0,0,0,0,0,0,0,0,0,0,0,0,0,0,0,0,0,0,0,0,0,0,0,0,0,0,0,0,0,0,0,0,0,0,0,0,0,0,0,0,0,0,0,0,0,0,0,0,0,0,0,0,0,0,0,0,0,0,0,0,0,0,0,0,0,0,0,0,0,0,0,0,0,0,0,0,0,0,0,0,0,0,0,0,0,0,0,0,0,0,0,0,0,0,0,0,0,0,0,0,0,0,0,0,0,0,0,0,0,0,0,0,0,0,0,0,0,0,0,0,0,0,0,0,0,0,0,0,0,0,0,0,0,0,0,0,0,0,0,0,0,0,0,0,0,0,0,0,0,0,0,0,0,0,0,0,0,0,0,0,0,0,0,0,0,0,0,0,0,0,0,0,0,0,0,0,0,0,0,0,0,0,0,0,0,0,0,0,0,0,0,0,0,0,0,0,0,0,0,0,0,0,0,0,0,0,0,0,0,0,0,8,19,47,10,25,62,8,20,48,11,27,67,10,25,62,10,25,62,10,25,62,10,25,62,0,0,0,0,0,0,0,0,0,0,0,0,0,0,0,0,0,0,0,0,0,0,0,0,0,0,0,0,0,0,0,0,0,0,0,0,0,0,0,0,0,0,0,0,0,0,0,0,0,0,0,17,42,105,15,38,93,15,38,93,15,38,93,15,38,93,0,0,0,0,0,0,0,0,0,0,0,0,0,0,0,0,0,0,0,0,0,0,0,0,0,0,0,0,0,0,0,0,0,0,0,0,0,0,0,0,0,0,0,0,0,0,0,0,0,0,0,0,0,0,0,0,0,0,0,0,0,0,0,0,0,0,0,0,0,0,0,0,0,0,0,0,0,0,0
Conductive Polymer,0,0,0,0,0,0,0,0,0,0,0,0,0,0,0,0,0,0,0,0,0,0,0,0,0,0,0,0,0,0,0,0,0,0,0,0,0,0,0,0,0,0,0,0,0,0,0,0,0,0,0,0,0,0,0,0,0,0,0,0,0,0,0,0,0,0,0,0,0,0,0,0,0,0,0,0,0,0,0,0,0,0,0,0,0,0,0,0,0,0,0,0,0,0,0,0,0,0,0,0,0,0,0,0,0,0,0,0,0,0,0,0,0,0,0,0,0,0,0,0,0,0,0,0,0,0,0,0,0,0,0,0,0,0,0,0,0,0,0,0,0,0,0,0,0,0,0,0,0,0,0,0,0,0,0,0,0,0,0,0,0,0,0,0,0,0,0,0,0,0,0,0,0,0,0,0,0,0,0,0,0,0,0,0,0,0,0,0,0,0,0,0,0,0,0,0,0,0,0,0,0,0,0,0,0,0,0,0,0,0,0,0,0,0,0,0,0,0,0,0,0,0,0,0,0,0,0,0,0,0,0,0,0,0,0,0,0,0,0,0,0,0,0,0,0,0,0,0,0,0,0,0,0,0,0,0,0,0,0,0,0,0,56,139,347,65,162,405,53,132,330,61,152,380,48,119,296,0,0,0,0,0,0,0,0,0,0,0,0,56,139,347,65,162,405,53,132,330,61,152,380,48,119,296,0,0,0,0,0,0,0,0,0,0,0,0,0,0,0,0,0,0,0,0,0,0,0,0,0,0,0,0,0,0,0,0,0,0,0,0,0,0,0,0,0,0,0,0,0,0,0,0,0,0,0,0,0,0,0,0,0,0,0,0,0,0,0,0,0,0,0,0,0,0,0,0,0,0,0,0,0,0,0,0,0,0,0,0,0,0,0,50,125,313,65,161,403,56,138,345,56,139,346,0,0,0,0,0,0,57,143,357,73,182,454,51,126,314,44,110,274,0,0,0,0,0,0,0,0,0,0,0,0,0,0,0,0,0,0,0,0,0,0,0,0,0,0,0,0,0,0,0,0,0,0,0,0,0,0,0,0,0,0,0,0,0,0,0,0,0,0,0,0,0,0,0,0,0,0,0,0,0,0,0,0,0,0,0,0,0,0,0,0,0,0,0,0,0,0,0,0,0,0,0,0,0,0,0,0,0,0,0,0,0,0
Contaminated Nanite Compound,0,0,0,0,0,0,0,0,0,0,0,0,0,0,0,0,0,0,0,0,0,0,0,0,0,0,0,0,0,0,0,0,0,0,0,0,0,0,0,0,0,0,0,0,0,0,0,0,0,0,0,0,0,0,0,0,0,0,0,0,0,0,0,0,0,0,0,0,0,0,0,0,0,0,0,0,0,0,0,0,0,0,0,0,0,0,0,0,0,0,0,0,0,0,0,0,0,0,0,0,0,0,0,0,0,0,0,0,0,0,0,0,0,0,0,0,0,0,0,0,0,0,0,0,0,0,0,0,0,0,0,0,0,0,0,0,0,0,0,0,0,0,0,0,0,0,0,0,0,0,0,0,0,0,0,0,0,0,0,0,0,0,0,0,0,0,0,0,0,0,0,0,0,0,0,0,0,0,0,0,0,0,0,0,0,0,0,0,0,0,0,0,0,0,0,0,0,0,0,0,0,0,0,0,0,0,0,0,0,0,0,0,0,0,0,0,0,0,0,0,0,0,0,0,0,0,0,0,0,0,0,0,0,0,0,0,0,0,0,0,0,0,0,0,0,0,0,0,0,0,0,0,0,0,0,0,0,0,0,0,0,0,0,0,0,0,0,0,0,0,0,0,0,0,0,0,0,14,35,87,17,41,102,16,38,95,12,30,74,0,0,0,0,0,0,0,0,0,0,0,0,0,0,0,0,0,0,0,0,0,0,0,0,0,0,0,0,0,0,0,0,0,0,0,0,0,0,0,0,0,0,0,0,0,0,0,0,0,0,0,0,0,0,0,0,0,0,0,0,0,0,0,0,0,0,0,0,0,0,0,0,0,0,0,0,0,0,0,0,0,14,34,85,14,33,83,14,35,87,17,43,106,30,74,185,15,37,91,17,41,103,0,0,0,0,0,0,0,0,0,0,0,0,8,19,47,8,20,49,0,0,0,0,0,0,0,0,0,0,0,0,0,0,0,0,0,0,0,0,0,0,0,0,0,0,0,0,0,0,0,0,0,0,0,0,0,0,0,0,0,0,0,0,0,0,0,0,0,0,0,0,0,0,0,0,0,0,0,0,0,0,0,0,0,0,0,0,0,0,0,0,0,0,0,0,0,0,0,0,0,0,0,0,0,0,0,0,0,0,0,0,0,0,0,0,0,0,0,0,0,0,0,0,0,0
Defective Current Pump,0,0,0,0,0,0,0,0,0,0,0,0,0,0,0,0,0,0,0,0,0,0,0,0,0,0,0,0,0,0,0,0,0,0,0,0,0,0,0,0,0,0,0,0,0,0,0,0,0,0,0,0,0,0,0,0,0,0,0,0,0,0,0,0,0,0,0,0,0,0,0,0,0,0,0,0,0,0,0,0,0,0,0,0,0,0,0,0,0,0,0,0,0,0,0,0,0,0,0,0,0,0,0,0,0,0,0,0,0,0,0,0,0,0,0,0,0,0,0,0,0,0,0,0,0,0,0,0,0,0,0,0,0,0,0,0,0,0,0,0,0,0,0,0,0,0,0,0,0,0,0,0,0,0,0,0,0,0,0,0,0,0,0,0,0,0,0,0,0,0,0,0,0,0,0,0,0,0,0,0,0,0,0,0,0,0,0,0,0,0,0,0,0,0,0,0,0,0,0,0,0,0,0,0,0,0,0,0,0,0,0,0,0,0,0,0,0,0,0,0,0,0,0,0,0,0,0,0,0,0,0,0,0,0,0,0,0,0,0,0,0,0,0,0,0,0,0,19,47,116,22,54,135,18,44,110,21,51,127,16,40,99,0,0,0,0,0,0,0,0,0,0,0,0,0,0,0,0,0,0,0,0,0,0,0,0,0,0,0,0,0,0,0,0,0,0,0,0,0,0,0,0,0,0,0,0,0,0,0,0,0,0,0,0,0,0,0,0,0,0,0,0,15,37,93,20,50,124,16,39,96,22,54,134,20,49,123,20,49,123,20,49,123,20,49,123,0,0,0,0,0,0,0,0,0,0,0,0,0,0,0,0,0,0,0,0,0,0,0,0,0,0,0,0,0,0,0,0,0,0,0,0,0,0,0,0,0,0,0,0,0,0,0,0,0,0,0,0,0,0,0,0,0,0,0,0,0,0,0,0,0,0,0,0,0,0,0,0,0,0,0,0,0,0,0,0,0,0,0,0,0,0,0,0,0,0,0,0,0,0,0,0,0,0,0,0,0,0,0,0,0,0,0,0,0,0,0,0,0,0,0,0,0,0,0,0,0,0,0,0,0,0,0,0,0,0,0,0,0,0,0,0,0,0,0,0,0,0,0,0,0,0,0,0,0,0,0,0,0,0,0,0,0,0,0,0,0,0,0,0,0,0,0,0,0
Production Cost,"200,000","550,000","2,500,000","200,000","9,000,000","35,000,000","5,500,000","2,500,000","15,000,000","650,000","200,000","500,000","2,500,000","200,000","8,500,000","40,000,000","5,500,000","2,500,000","15,000,000","600,000","200,000","550,000","2,500,000","200,000","9,000,000","35,000,000","6,000,000","2,500,000","15,000,000","600,000","200,000","550,000","2,500,000","200,000","9,000,000","35,000,000","5,500,000","2,500,000","15,000,000","650,000","55,000,000","55,000,000","55,000,000","55,000,000","55,000,000","55,000,000","55,000,000","850,000","300,000","250,000","850,000","8,500,000","3,500,000","55,000,000","900,000","250,000","250,000","950,000","7,500,000","3,500,000","55,000,000","900,000","250,000","250,000","900,000","8,500,000","3,500,000","55,000,000","850,000","250,000","250,000","900,000","8,500,000","3,500,000","50,000,000","20,000,000","30,000,000","6,500,000","20,000,000","2,000,000","6,500,000","7,000,000","30,000,000","20,000,000","45,000,000","20,000,000","30,000,000","7,000,000","20,000,000","2,000,000","7,500,000","6,500,000","30,000,000","20,000,000","45,000,000","20,000,000","25,000,000","7,000,000","20,000,000","2,000,000","7,000,000","7,000,000","30,000,000","20,000,000","45,000,000","20,000,000","25,000,000","7,000,000","20,000,000","2,000,000","6,500,000","7,000,000","30,000,000","20,000,000","45,000,000","2,000,000","200,000,000","200,000,000","200,000,000","200,000,000","200,000,000","200,000,000","200,000,000","65,000,000","200,000,000","40,000,000","65,000,000","65,000,000","25,000,000","40,000,000","70,000,000","150,000,000","40,000,000","70,000,000","65,000,000","25,000,000","40,000,000","25,000,000","70,000,000","200,000,000","40,000,000","70,000,000","70,000,000","25,000,000","40,000,000","25,000,000","70,000,000","150,000,000","40,000,000","65,000,000","65,000,000","25,000,000","40,000,000","100,000,000","250,000,000","100,000,000","250,000,000","250,000,000","95,000,000","100,000,000","250,000,000","95,000,000","250,000,000","95,000,000","250,000,000","250,000,000","95,000,000","95,000,000","250,000,000","550,000,000","600,000,000","650,000,000","600,000,000","550,000,000","600,000,000","600,000,000","4,500,000","20,000,000","60,000,000","20,000,000","4,500,000","60,000,000","4,500,000","20,000,000","60,000,000","5,000,000","20,000,000","60,000,000","3,000,000","7,500,000","15,000,000","60,000","60,000,000","100,000,000","100,000,000","15,000,000","30,000,000","70,000,000","75,000","300,000","1,500,000","1,500,000","2,500,000","4,000,000","5,000,000","9,500,000","15,000,000","950,000","2,000,000","3,000,000","2,000,000","4,000,000","6,000,000","9,500,000","15,000,000","950,000","2,000,000","3,000,000","2,000,000","4,000,000","6,000,000","9,500,000","15,000,000","750,000","2,000,000","2,500,000","1,500,000","3,500,000","5,000,000","7,500,000","15,000,000","750,000","2,000,000","2,500,000","1,500,000","3,500,000","5,000,000","7,500,000","15,000,000","750,000","2,000,000","2,500,000","1,500,000","3,500,000","5,000,000","7,500,000","15,000,000","15,000","45,000","200,000","15,000","40,000","150,000","7,500","25,000","90,000","15,000","45,000","200,000","6,500","25,000","80,000","15,000","45,000","200,000","15,000","40,000","150,000","7,500","25,000","90,000","15,000","45,000","200,000","6,500","25,000","80,000","15,000","45,000","200,000","15,000","40,000","150,000","15,000","45,000","200,000","6,500","25,000","80,000","45,000","150,000","300,000","40,000","95,000","250,000","25,000","60,000","150,000","45,000","150,000","300,000","25,000","55,000","150,000","15,000","35,000","150,000","15,000","45,000","200,000","15,000","40,000","150,000","8,000","30,000","100,000","7,500","25,000","95,000","15,000","45,000","200,000","6,500","25,000","80,000","10,000","35,000","150,000","9,000","30,000","150,000","15,000","45,000","200,000","10,000","35,000","150,000","10,000","35,000","150,000","10,000","35,000","150,000","10,000","35,000","150,000","7,000","25,000","80,000","10,000","35,000","150,000","9,000","30,000","150,000","15,000","45,000","200,000","10,000","35,000","150,000","10,000","35,000","150,000","10,000","35,000","150,000","10,000","35,000","150,000","7,500","25,000","90,000","15,000","45,000","200,000","15,000","35,000","150,000","15,000","40,000","150,000","20,000","55,000","250,000","15,000","40,000","150,000","15,000","45,000","200,000","15,000","40,000","150,000","15,000","40,000","150,000","8,000","30,000","100,000","7,500","25,000","90,000","6,500","25,000","80,000","5,000","20,000","60,000","15,000","45,000","200,000","15,000","40,000","150,000","7,500","25,000","90,000","8,000","30,000","100,000","25,000","70,000","300,000","15,000","50,000","200,000","15,000","50,000","200,000","15,000","50,000","200,000","15,000","50,000","200,000","15,000","35,000","150,000","9,500","35,000","150,000","15,000","40,000","150,000","15,000","40,000","150,000","250,000","850,000","2,000,000","3,500,000","250,000","850,000","2,000,000","3,500,000","250,000","850,000","2,000,000","3,500,000","250,000","850,000","2,000,000","3,500,000","850,000","2,000,000","3,500,000","850,000","2,000,000","3,500,000","850,000","2,000,000","3,500,000","850,000","2,000,000","3,500,000","5,000,000","8,000,000","5,000,000","8,000,000","5,000,000","8,000,000","5,000,000","8,000,000","6,000,000","10,000,000","6,000,000","10,000,000","6,000,000","10,000,000","6,000,000","10,000,000","450,000,000","9,500,000","9,500,000","9,500,000","15,000,000","15,000,000","15,000,000","50,000,000","20,000,000","20,000,000","20,000,000","20,000,000","20,000,000","20,000,000","20,000,000","20,000,000","20,000,000","20,000,000","20,000,000","20,000,000","20,000,000","20,000,000","20,000,000"
Production Time,"1,000","2,000","4,000","1,000","16,000","32,000","8,000","4,000","24,000","2,000","1,000","2,000","4,000","1,000","16,000","32,000","8,000","4,000","24,000","2,000","1,000","2,000","4,000","1,000","16,000","32,000","8,000","4,000","24,000","2,000","1,000","2,000","4,000","1,000","16,000","32,000","8,000","4,000","24,000","2,000","36,000","36,000","36,000","36,000","36,000","36,000","36,000","3,000","1,500","1,500","3,000","12,000","6,000","48,000","3,000","1,500","1,500","3,000","12,000","6,000","48,000","3,000","1,500","1,500","3,000","12,000","6,000","48,000","3,000","1,500","1,500","3,000","12,000","6,000","48,000","16,000","32,000","8,000","16,000","4,000","8,000","8,000","32,000","16,000","48,000","16,000","32,000","8,000","16,000","4,000","8,000","8,000","32,000","16,000","48,000","16,000","32,000","8,000","16,000","4,000","8,000","8,000","32,000","16,000","48,000","16,000","32,000","8,000","16,000","4,000","8,000","8,000","32,000","16,000","48,000","4,000","86,400","86,400","86,400","86,400","86,400","86,400","86,400","72,000","96,000","48,000","72,000","72,000","24,000","48,000","72,000","96,000","48,000","72,000","72,000","24,000","48,000","24,000","72,000","96,000","48,000","72,000","72,000","24,000","48,000","24,000","72,000","96,000","48,000","72,000","72,000","24,000","48,000","96,000","128,000","96,000","128,000","128,000","96,000","96,000","128,000","96,000","128,000","96,000","128,000","128,000","96,000","96,000","128,000","432,000","432,000","432,000","432,000","432,000","432,000","432,000","8,000","32,000","64,000","32,000","8,000","64,000","8,000","32,000","64,000","8,000","32,000","64,000","4,000","8,000","16,000","1,000","64,000","64,000","64,000","8,000","24,000","32,000",500,"1,000","2,000","1,500","2,100","3,600","1,500","2,100","3,600","1,500","2,100","3,600","1,500","2,100","3,600","2,100","3,600","1,500","2,100","3,600","1,500","2,100","3,600","2,100","3,600","1,500","2,100","3,600","1,500","2,100","3,600","2,100","3,600","1,500","2,100","3,600","1,500","2,100","3,600","2,100","3,600","1,500","2,100","3,600","1,500","2,100","3,600","2,100","3,600","1,800","9,000","45,000","1,800","9,000","45,000","1,800","9,000","45,000","1,800","9,000","45,000","1,800","9,000","45,000","1,800","9,000","45,000","1,800","9,000","45,000","1,800","9,000","45,000","1,800","9,000","45,000","1,800","9,000","45,000","1,800","9,000","45,000","1,800","9,000","45,000","1,800","9,000","45,000","1,800","9,000","45,000","1,800","9,000","45,000","1,800","9,000","45,000","1,800","9,000","45,000","1,800","9,000","45,000","1,800","9,000","45,000","1,800","9,000","45,000","1,800","9,000","45,000","1,800","9,000","45,000","1,800","9,000","45,000","1,800","9,000","45,000","1,800","9,000","45,000","1,800","9,000","45,000","1,800","9,000","45,000","1,800","9,000","45,000","1,800","9,000","45,000","1,800","9,000","45,000","1,800","9,000","45,000","1,800","9,000","45,000","1,800","9,000","45,000","1,800","9,000","45,000","1,800","9,000","45,000","1,800","9,000","45,000","1,800","9,000","45,000","1,800","9,000","45,000","1,800","9,000","45,000","1,800","9,000","45,000","1,800","9,000","45,000","1,800","9,000","45,000","1,800","9,000","45,000","1,800","9,000","45,000","1,800","9,000","45,000","1,800","9,000","45,000","1,800","9,000","45,000","1,800","9,000","45,000","1,800","9,000","45,000","1,800","9,000","45,000","1,800","9,000","45,000","1,800","9,000","45,000","1,800","9,000","45,000","1,800","9,000","45,000","1,800","9,000","45,000","1,800","9,000","45,000","1,800","9,000","45,000","1,800","9,000","45,000","1,800","9,000","45,000","1,800","9,000","45,000","1,800","9,000","45,000","1,800","9,000","45,000","1,800","9,000","45,000","1,800","9,000","45,000","1,800","9,000","45,000","1,800","9,000","45,000","1,800","9,000","45,000",600,"1,500","2,100","3,600",600,"1,500","2,100","3,600",600,"1,500","2,100","3,600",600,"1,500","2,100","3,600","1,500","2,100","3,600","1,500","2,100","3,600","1,500","2,100","3,600","1,500","2,100","3,600","2,100","3,600","2,100","3,600","2,100","3,600","2,100","3,600","2,100","3,600","2,100","3,600","2,100","3,600","2,100","3,600","600,000","21,600","21,600","21,600","21,600","21,600","21,600","21,600","86,400","86,400","86,400","86,400","86,400","86,400","86,400","86,400","86,400","86,400","86,400","86,400","86,400","86,400","86,400"
Production Count,1,1,1,1,1,1,1,1,1,1,1,1,1,1,1,1,1,1,1,1,1,1,1,1,1,1,1,1,1,1,1,1,1,1,1,1,1,1,1,1,1,1,1,1,1,1,1,1,1,1,1,1,1,1,1,1,1,1,1,1,1,1,1,1,1,1,1,1,1,1,1,1,1,1,1,1,1,1,1,1,1,1,1,1,1,1,1,1,1,1,1,1,1,1,1,1,1,1,1,1,1,1,1,1,1,1,1,1,1,1,1,1,1,1,1,1,1,1,1,1,1,1,1,1,1,1,1,1,1,1,1,1,1,1,1,1,1,1,1,1,1,1,1,1,1,1,1,1,1,1,1,1,1,1,1,1,1,1,1,1,1,1,1,1,1,1,1,1,1,1,1,1,1,1,1,1,1,1,1,1,1,1,1,1,1,1,1,1,1,1,1,1,1,1,1,1,1,1,1,1,1,5,5,5,5,5,5,10,10,10,5,5,5,3,3,10,10,10,5,5,5,3,3,10,10,10,5,5,5,3,3,10,10,10,5,5,5,3,3,10,10,10,5,5,5,3,3,1,1,1,1,1,1,1,1,1,1,1,1,1,1,1,1,1,1,1,1,1,1,1,1,1,1,1,1,1,1,1,1,1,1,1,1,1,1,1,1,1,1,1,1,1,1,1,1,1,1,1,1,1,1,1,1,1,1,1,1,1,1,1,1,1,1,1,1,1,1,1,1,1,1,1,1,1,1,1,1,1,1,1,1,1,1,1,1,1,1,1,1,1,1,1,1,1,1,1,1,1,1,1,1,1,1,1,1,1,1,1,1,1,1,1,1,1,1,1,1,1,1,1,1,1,1,1,1,1,1,1,1,1,1,1,1,1,1,1,1,1,1,1,1,1,1,1,1,1,1,1,1,1,1,1,1,1,1,1,1,1,1,1,1,1,1,1,1,1,1,1,1,1,1,1,1,1,1,1,1,1,1,1,1,1,1,1,1,1,1,1,1,1,1,1,1,1,1,1,1,1,10,10,10,10,10,10,10,10,10,10,10,10,10,10,10,10,5,5,5,5,5,5,5,5,5,5,5,5,3,3,3,3,3,3,3,3,3,3,3,3,3,3,3,3,1,1,1,1,1,1,1,1,1,1,1,1,1,1,1,1,1,1,1,1,1,1,1